"rnaseq_profile_id","donor_id","donor_age","genotype_driver","genotype_reporter","cell_reporter","cell_prep_sample_id","sampling_region","slice_index","slice_id","slice_name","cell_id","rnaseq_profile_total_reads","rnaseq_profile_percent_reads_aligned_to_mrna","rnaseq_profile_percent_reads_aligned_to_ncrna","rnaseq_profile_percent_reads_aligned_to_genome_only","subclass","subclass_order","subclass_color","broad_class","broad_class_order","broad_class_color"
497124707,491517110,"P57","Gad2-IRES-Cre","Ai14","cre reporter positive",492102697,"Mouse LGN - Core",12,492102582,"Gad2-IRES-Cre;Ai14-221099.12.01",501389449,2540640,64.3,2.65,14.7,"Styk1_Xylb",9,"#FF3030","Gad2_Chrna6",3,"#FF0000"
497122627,487095969,"P58","Gad2-IRES-Cre","Ai14","cre reporter positive",488432962,"Mouse LGN - Core",10,488432925,"Gad2-IRES-Cre;Ai14-209943.10.01",501389257,2288859,55.6,3.25,13.9,"Styk1_Cdh13_Car10",7,"#FF6A6A","Gad2_Chrna6",3,"#FF0000"
497124667,491517079,"P59","Slc32a1-IRES-Cre","Ai14","cre reporter positive",491885737,"Mouse LGN - Shell",10,491884212,"Slc32a1-IRES-Cre;Ai14-220657.10.01",501390206,2453231,57.9,3.03,14.4,"Tac1_Gabra4",6,"#CE1256","Gad2_Chrna6",3,"#FF0000"
497122682,487095972,"P59","Gad2-IRES-Cre","Ai14","cre reporter positive",488745666,"Mouse LGN - Core",11,488745550,"Gad2-IRES-Cre;Ai14-209944.11.01",501389359,1978016,57.2,3,15.5,"Tac1_Gabra4",6,"#CE1256","Gad2_Chrna6",3,"#FF0000"
497124708,491517110,"P57","Gad2-IRES-Cre","Ai14","cre reporter positive",492102697,"Mouse LGN - Core",12,492102582,"Gad2-IRES-Cre;Ai14-221099.12.01",501389450,2719040,55.4,3.44,16.5,"Tac1_Gabra4",6,"#CE1256","Gad2_Chrna6",3,"#FF0000"
497122776,487095972,"P59","Gad2-IRES-Cre","Ai14","cre reporter positive",488745666,"Mouse LGN - Core",11,488745550,"Gad2-IRES-Cre;Ai14-209944.11.01",501389367,2287801,50.6,3.22,17.7,"Chrna6_Plac9a",8,"#E7298A","Gad2_Chrna6",3,"#FF0000"
497124719,491517110,"P57","Gad2-IRES-Cre","Ai14","cre reporter positive",492102733,"Mouse LGN - Core",13,492102593,"Gad2-IRES-Cre;Ai14-221099.13.01",501389461,2233929,53.4,3.2,17.7,"Tac1_Gabra4",6,"#CE1256","Gad2_Chrna6",3,"#FF0000"
497124525,490370092,"P53","Gad2-IRES-Cre","Ai14","cre reporter positive",490916893,"Mouse LGN - Core",11,490916500,"Gad2-IRES-Cre;Ai14-217032.11.01",501389429,2739359,65.5,2.6,8.85,"Plek2_Pkib",13,"#FFFF00","Gad2_Syt4",4,"#FFFF00"
497124385,488448316,"P56","Snap25-IRES2-Cre","Ai14","cre reporter positive",489890604,"Mouse LGN - Shell",9,489890572,"Snap25-IRES2-Cre;Ai14-213716.09.01",501390813,2503103,58.7,3.11,13.4,"Tac1_Gabra4",6,"#CE1256","Gad2_Chrna6",3,"#FF0000"
497122637,487095969,"P58","Gad2-IRES-Cre","Ai14","cre reporter positive",488432970,"Mouse LGN - Core",11,488432935,"Gad2-IRES-Cre;Ai14-209943.11.01",501389283,2513973,66.1,2.96,9.29,"Tac1_Gabra4",6,"#CE1256","Gad2_Chrna6",3,"#FF0000"
497122857,487244826,"P57","Snap25-IRES2-Cre","Ai14","cre reporter positive",489889872,"Mouse LGN - Core",10,489889833,"Snap25-IRES2-Cre;Ai14-211624.10.01",501390569,1928667,56.7,4.08,9.49,"Olig1_Opalin",23,"#C8C8C8","Olig1",6,"#333333"
497122166,485247333,"P56","Slc32a1-IRES-Cre","Ai14","cre reporter positive",486749760,"Mouse LGN - Core",11,486749740,"Slc32a1-IRES-Cre;Ai14-204790.11.01",501389998,4074362,75.3,1.89,3.13,"Plek2_Pkib",13,"#FFFF00","Gad2_Syt4",4,"#FFFF00"
497122146,485247214,"P54","Slc32a1-IRES-Cre","Ai14","cre reporter positive",486509295,"Mouse LGN - Core",11,486749503,"Slc32a1-IRES-Cre;Ai14-204789.11.01",501389978,3859904,60.7,2.84,13.6,"Styk1_Xylb",9,"#FF3030","Gad2_Chrna6",3,"#FF0000"
497122661,487095969,"P58","Gad2-IRES-Cre","Ai14","cre reporter positive",488432977,"Mouse LGN - Shell",12,488432945,"Gad2-IRES-Cre;Ai14-209943.12.01",501389321,2805979,65.9,2.35,8.35,"Calb2_Plac9a",11,"#9400E2","Gad2_Syt4",4,"#FFFF00"
497123641,488047675,"P58","Slc32a1-IRES-Cre","Ai14","cre reporter positive",488471681,"Mouse LGN - Shell",11,488471473,"Slc32a1-IRES-Cre;Ai14-212359.11.01",501390189,2323112,60.3,2.8,8.32,"Olig1_Opalin",23,"#C8C8C8","Olig1",6,"#333333"
497122165,485247333,"P56","Slc32a1-IRES-Cre","Ai14","cre reporter positive",486749760,"Mouse LGN - Core",11,486749740,"Slc32a1-IRES-Cre;Ai14-204790.11.01",501389997,5185827,60.9,3.96,11.3,"Styk1_Cdh13_Car10",7,"#FF6A6A","Gad2_Chrna6",3,"#FF0000"
497122196,485247333,"P56","Slc32a1-IRES-Cre","Ai14","cre reporter positive",487102677,"Mouse LGN - Core",13,487102603,"Slc32a1-IRES-Cre;Ai14-204790.13.01",501390031,3126088,66.1,3.11,9.88,"Gad2_Pvalb",18,"#FFD700","Gad2_Syt4",4,"#FFFF00"
497122692,487095972,"P59","Gad2-IRES-Cre","Ai14","cre reporter positive",488745669,"Mouse LGN - Shell",11,488745550,"Gad2-IRES-Cre;Ai14-209944.11.01",501389383,2293381,59.5,2.09,7.37,"Gad2_Sepp1",5,"#C77963","Gad2_Sepp1",2,"#C77963"
497122918,487244822,"P56","Snap25-IRES2-Cre","Ai14","cre reporter positive",488399947,"Mouse LGN - Shell",11,488399798,"Snap25-IRES2-Cre;Ai14-211623.11.01",501390496,548413,56.2,3.07,13.3,"Cck_Npy_Pcdh15",17,"#E54E03","Gad2_Syt4",4,"#FFFF00"
497123542,488047675,"P58","Slc32a1-IRES-Cre","Ai14","cre reporter positive",488471707,"Mouse LGN - Core",10,488471436,"Slc32a1-IRES-Cre;Ai14-212359.10.01",501390164,2498378,52,3.26,17.1,"Styk1_Cdh13_Car10",7,"#FF6A6A","Gad2_Chrna6",3,"#FF0000"
497122736,487095969,"P58","Gad2-IRES-Cre","Ai14","cre reporter positive",488432970,"Mouse LGN - Core",11,488432935,"Gad2-IRES-Cre;Ai14-209943.11.01",501389290,2183118,48.4,2.39,14.4,"Styk1_Cdh13_Car10",7,"#FF6A6A","Gad2_Chrna6",3,"#FF0000"
497123766,488448312,"P55","Snap25-IRES2-Cre","Ai14","cre reporter positive",489365388,"Mouse LGN - Core",12,489353558,"Snap25-IRES2-Cre;Ai14-213715.12.01",501390698,1996863,64.4,2.61,13.8,"Tac1_Gabra4",6,"#CE1256","Gad2_Chrna6",3,"#FF0000"
497122626,487095969,"P58","Gad2-IRES-Cre","Ai14","cre reporter positive",488432962,"Mouse LGN - Core",10,488432925,"Gad2-IRES-Cre;Ai14-209943.10.01",501389256,2537770,51.7,3.65,20.5,"Styk1_Cdh13_Car10",7,"#FF6A6A","Gad2_Chrna6",3,"#FF0000"
497123863,488448316,"P56","Snap25-IRES2-Cre","Ai14","cre reporter positive",489890587,"Mouse LGN - Core",7,489890552,"Snap25-IRES2-Cre;Ai14-213716.07.01",501390739,2823187,57.1,3.21,14.7,"Gad2_Pthlh",10,"#FDDCFF","Gad2_Chrna6",3,"#FF0000"
497124409,488448320,"P57","Snap25-IRES2-Cre","Ai14","cre reporter positive",489891155,"Mouse LGN - Shell",11,489891133,"Snap25-IRES2-Cre;Ai14-213717.11.01",501390933,2639403,59.8,3,14.1,"Slc17a6_Calb2",4,"#74A9CF","Slc17a6",1,"#0000FF"
497122804,487095972,"P59","Gad2-IRES-Cre","Ai14","cre reporter positive",488745675,"Mouse LGN - Shell",12,488745630,"Gad2-IRES-Cre;Ai14-209944.12.01",501389405,2401461,54.1,3,15.2,"Tac1_Gabra4",6,"#CE1256","Gad2_Chrna6",3,"#FF0000"
497122794,487095972,"P59","Gad2-IRES-Cre","Ai14","cre reporter positive",488745669,"Mouse LGN - Shell",11,488745550,"Gad2-IRES-Cre;Ai14-209944.11.01",501389390,2565462,58.4,2.69,12.3,"Gad2_Pthlh",10,"#FDDCFF","Gad2_Chrna6",3,"#FF0000"
497123627,488047647,"P56","Slc32a1-IRES-Cre","Ai14","cre reporter positive",488421172,"Mouse LGN - Core",11,488421093,"Slc32a1-IRES-Cre;Ai14-212358.11.01",501390105,3672553,56.5,3.53,14,"Gad2_Spata20",12,"#F80FF0","Gad2_Syt4",4,"#FFFF00"
497122647,487095969,"P58","Gad2-IRES-Cre","Ai14","cre reporter positive",488432974,"Mouse LGN - Core",12,488432945,"Gad2-IRES-Cre;Ai14-209943.12.01",501389300,1929467,66.8,2.96,8.6,"Gad2_Pvalb",18,"#FFD700","Gad2_Syt4",4,"#FFFF00"
497123642,488047675,"P58","Slc32a1-IRES-Cre","Ai14","cre reporter positive",488471681,"Mouse LGN - Shell",11,488471473,"Slc32a1-IRES-Cre;Ai14-212359.11.01",501390190,2730671,56.9,3.13,16.6,"Tac1_Gabra4",6,"#CE1256","Gad2_Chrna6",3,"#FF0000"
497122742,487095969,"P58","Gad2-IRES-Cre","Ai14","cre reporter positive",488432970,"Mouse LGN - Core",11,488432935,"Gad2-IRES-Cre;Ai14-209943.11.01",501389296,1874728,54,2.51,10.2,"Styk1_Cdh13_Car10",7,"#FF6A6A","Gad2_Chrna6",3,"#FF0000"
497123515,488047647,"P56","Slc32a1-IRES-Cre","Ai14","cre reporter positive",488421165,"Mouse LGN - Core",10,488421082,"Slc32a1-IRES-Cre;Ai14-212358.10.01",501390073,2615372,37.8,3.92,14.8,"Tac1_Gabra4",6,"#CE1256","Gad2_Chrna6",3,"#FF0000"
497122821,487244822,"P56","Snap25-IRES2-Cre","Ai14","cre reporter positive",488399947,"Mouse LGN - Shell",11,488399798,"Snap25-IRES2-Cre;Ai14-211623.11.01",501390480,1454605,64.2,2.89,10.3,"Calb2_Plac9a",11,"#9400E2","Gad2_Syt4",4,"#FFFF00"
497123649,488047675,"P58","Slc32a1-IRES-Cre","Ai14","cre reporter positive",488471707,"Mouse LGN - Core",10,488471436,"Slc32a1-IRES-Cre;Ai14-212359.10.01",501390143,2165774,66.1,2.9,11.1,"Styk1_Xylb",9,"#FF3030","Gad2_Chrna6",3,"#FF0000"
497123637,488047675,"P58","Slc32a1-IRES-Cre","Ai14","cre reporter positive",488471655,"Mouse LGN - Core",11,488471473,"Slc32a1-IRES-Cre;Ai14-212359.11.01",501390178,2169430,63.9,2.92,11.9,"Calb2_Plac9a",11,"#9400E2","Gad2_Syt4",4,"#FFFF00"
497124677,491517079,"P59","Slc32a1-IRES-Cre","Ai14","cre reporter positive",491885887,"Mouse LGN - Core",10,491884212,"Slc32a1-IRES-Cre;Ai14-220657.10.01",501390213,2433437,60.5,2.72,11.4,"Styk1_Cdh13_Car10",7,"#FF6A6A","Gad2_Chrna6",3,"#FF0000"
497122670,487095972,"P59","Gad2-IRES-Cre","Ai14","cre reporter positive",488745654,"Mouse LGN - Core",10,488745518,"Gad2-IRES-Cre;Ai14-209944.10.01",501389346,2343665,55.9,3.43,13.2,"Styk1_Cdh13_Car10",7,"#FF6A6A","Gad2_Chrna6",3,"#FF0000"
497122688,487095972,"P59","Gad2-IRES-Cre","Ai14","cre reporter positive",488745666,"Mouse LGN - Core",11,488745550,"Gad2-IRES-Cre;Ai14-209944.11.01",501389365,1678124,66.9,2.78,8.41,"Calb2_Plac9a",11,"#9400E2","Gad2_Syt4",4,"#FFFF00"
497123538,488047675,"P58","Slc32a1-IRES-Cre","Ai14","cre reporter positive",488471707,"Mouse LGN - Core",10,488471436,"Slc32a1-IRES-Cre;Ai14-212359.10.01",501390160,3035868,60.7,3.15,12.9,"Styk1_Xylb",9,"#FF3030","Gad2_Chrna6",3,"#FF0000"
497123889,488448316,"P56","Snap25-IRES2-Cre","Ai14","cre reporter positive",489890598,"Mouse LGN - Core",9,489890572,"Snap25-IRES2-Cre;Ai14-213716.09.01",501390797,2008749,45.4,4.17,19.8,"Olig1_Pdgfra",21,"#505050","Olig1",6,"#333333"
497123440,487244826,"P57","Snap25-IRES2-Cre","Ai14","cre reporter positive",489889875,"Mouse LGN - Core",11,489889862,"Snap25-IRES2-Cre;Ai14-211624.11.01",501390604,2307750,57.5,3.11,15.8,"Styk1_Cdh13_Car10",7,"#FF6A6A","Gad2_Chrna6",3,"#FF0000"
497122755,487095969,"P58","Gad2-IRES-Cre","Ai14","cre reporter positive",488432977,"Mouse LGN - Shell",12,488432945,"Gad2-IRES-Cre;Ai14-209943.12.01",501389328,2418217,61.6,2.58,8.21,"Calb2_Plac9a",11,"#9400E2","Gad2_Syt4",4,"#FFFF00"
497122786,487095972,"P59","Gad2-IRES-Cre","Ai14","cre reporter positive",488745666,"Mouse LGN - Core",11,488745550,"Gad2-IRES-Cre;Ai14-209944.11.01",501389377,2361234,56.9,2.93,13.9,"Tac1_Gabra4",6,"#CE1256","Gad2_Chrna6",3,"#FF0000"
497123697,487244818,"P55","Snap25-IRES2-Cre","Ai14","cre reporter positive",488746857,"Mouse LGN - Core",10,488746830,"Snap25-IRES2-Cre;Ai14-211621.10.01",501390293,3018417,51,3.75,19.3,"Tac1_Gabra4",6,"#CE1256","Gad2_Chrna6",3,"#FF0000"
497122741,487095969,"P58","Gad2-IRES-Cre","Ai14","cre reporter positive",488432970,"Mouse LGN - Core",11,488432935,"Gad2-IRES-Cre;Ai14-209943.11.01",501389295,2521375,61.8,2.53,7.79,"Gad2_Rspo2",16,"#FF8C00","Gad2_Syt4",4,"#FFFF00"
497124505,490370092,"P53","Gad2-IRES-Cre","Ai14","cre reporter positive",490916885,"Mouse LGN - Core",10,490916028,"Gad2-IRES-Cre;Ai14-217032.10.01",501389409,2595501,61.4,2.18,10.4,"Styk1_Xylb",9,"#FF3030","Gad2_Chrna6",3,"#FF0000"
497122176,485247333,"P56","Slc32a1-IRES-Cre","Ai14","cre reporter positive",487102671,"Mouse LGN - Core",12,486749765,"Slc32a1-IRES-Cre;Ai14-204790.12.01",501390007,1341265,58.1,3.29,13.6,"Chrna6_Plac9a",8,"#E7298A","Gad2_Chrna6",3,"#FF0000"
497122421,484742351,"P57","Snap25-IRES2-Cre","Ai14","cre reporter positive",486794521,"Mouse LGN - Core",12,486793590,"Snap25-IRES2-Cre;Ai14-202521.12.01",501390269,3476683,69.4,3.34,6.27,"Olig1_Opalin",23,"#C8C8C8","Olig1",6,"#333333"
497122849,487244822,"P56","Snap25-IRES2-Cre","Ai14","cre reporter positive",488399919,"Mouse LGN - Core",9,488399767,"Snap25-IRES2-Cre;Ai14-211623.09.01",501390350,1928468,58.2,3.51,15,"Styk1_Cdh13_Car10",7,"#FF6A6A","Gad2_Chrna6",3,"#FF0000"
497123824,488448312,"P55","Snap25-IRES2-Cre","Ai14","cre reporter positive",489374060,"Mouse LGN - Core",11,489353527,"Snap25-IRES2-Cre;Ai14-213715.11.01",501390660,2319362,52.7,3.82,16.9,"Olig1_Pdgfra",21,"#505050","Olig1",6,"#333333"
497123504,488047647,"P56","Slc32a1-IRES-Cre","Ai14","cre reporter positive",488421165,"Mouse LGN - Core",10,488421082,"Slc32a1-IRES-Cre;Ai14-212358.10.01",501390062,2306417,48.5,3.03,16.3,"Calb2_Plac9a",11,"#9400E2","Gad2_Syt4",4,"#FFFF00"
497122775,487095972,"P59","Gad2-IRES-Cre","Ai14","cre reporter positive",488745666,"Mouse LGN - Core",11,488745550,"Gad2-IRES-Cre;Ai14-209944.11.01",501389366,2255511,49.5,3.45,17.5,"Styk1_Cdh13_Car10",7,"#FF6A6A","Gad2_Chrna6",3,"#FF0000"
497123659,488047675,"P58","Slc32a1-IRES-Cre","Ai14","cre reporter positive",488471713,"Mouse LGN - Core",9,488471426,"Slc32a1-IRES-Cre;Ai14-212359.09.01",501390121,1580601,55.3,3.09,15,"Tac1_Gabra4",6,"#CE1256","Gad2_Chrna6",3,"#FF0000"
497123612,488047675,"P58","Slc32a1-IRES-Cre","Ai14","cre reporter positive",488471681,"Mouse LGN - Shell",11,488471473,"Slc32a1-IRES-Cre;Ai14-212359.11.01",501390185,2531796,59.3,3,14,"Gad2_Rspo2",16,"#FF8C00","Gad2_Syt4",4,"#FFFF00"
497124702,491517110,"P57","Gad2-IRES-Cre","Ai14","cre reporter positive",492102678,"Mouse LGN - Shell",12,492102582,"Gad2-IRES-Cre;Ai14-221099.12.01",501389444,2911106,65.3,2.96,9.87,"Cck_Npy_Pcdh15",17,"#E54E03","Gad2_Syt4",4,"#FFFF00"
497122831,487244822,"P56","Snap25-IRES2-Cre","Ai14","cre reporter positive",488399931,"Mouse LGN - Core",10,488399783,"Snap25-IRES2-Cre;Ai14-211623.10.01",501390387,1271655,67.2,2.84,10.8,"Tac1_Gabra4",6,"#CE1256","Gad2_Chrna6",3,"#FF0000"
497124662,491517079,"P59","Slc32a1-IRES-Cre","Ai14","cre reporter positive",491885646,"Mouse LGN - Shell",11,491884335,"Slc32a1-IRES-Cre;Ai14-220657.11.01",501390222,1988544,38.9,3.72,26.4,"Styk1_Cdh13_Car10",7,"#FF6A6A","Gad2_Chrna6",3,"#FF0000"
497124676,491517079,"P59","Slc32a1-IRES-Cre","Ai14","cre reporter positive",491885887,"Mouse LGN - Core",10,491884212,"Slc32a1-IRES-Cre;Ai14-220657.10.01",501390212,2443404,60.6,3.24,12.3,"Tac1_Gabra4",6,"#CE1256","Gad2_Chrna6",3,"#FF0000"
497122756,487095969,"P58","Gad2-IRES-Cre","Ai14","cre reporter positive",488432977,"Mouse LGN - Shell",12,488432945,"Gad2-IRES-Cre;Ai14-209943.12.01",501389329,2779276,61,2.82,9.71,"Calb2_Plac9a",11,"#9400E2","Gad2_Syt4",4,"#FFFF00"
497123588,488047647,"P56","Slc32a1-IRES-Cre","Ai14","cre reporter positive",488421165,"Mouse LGN - Core",10,488421082,"Slc32a1-IRES-Cre;Ai14-212358.10.01",501390082,3030693,51.3,3.31,19.5,"Styk1_Cdh13_Car10",7,"#FF6A6A","Gad2_Chrna6",3,"#FF0000"
497122163,485247214,"P54","Slc32a1-IRES-Cre","Ai14","cre reporter positive",486509624,"Mouse LGN - Core",13,486749564,"Slc32a1-IRES-Cre;Ai14-204789.13.01",501389995,1291967,67.3,2.84,9.11,"Gad2_Pvalb",18,"#FFD700","Gad2_Syt4",4,"#FFFF00"
497122208,485247333,"P56","Slc32a1-IRES-Cre","Ai14","cre reporter positive",487145183,"Mouse LGN - Shell",12,486749765,"Slc32a1-IRES-Cre;Ai14-204790.12.01",501390019,1330422,60.4,3.75,12.4,"Styk1_Cdh13_Car10",7,"#FF6A6A","Gad2_Chrna6",3,"#FF0000"
497122907,487244822,"P56","Snap25-IRES2-Cre","Ai14","cre reporter positive",488399943,"Mouse LGN - Core",11,488399798,"Snap25-IRES2-Cre;Ai14-211623.11.01",501390462,1814319,58.7,3,15.3,"Slc17a6_Calb2",4,"#74A9CF","Slc17a6",1,"#0000FF"
497123503,488047647,"P56","Slc32a1-IRES-Cre","Ai14","cre reporter positive",488421165,"Mouse LGN - Core",10,488421082,"Slc32a1-IRES-Cre;Ai14-212358.10.01",501390061,3149796,49.7,3.24,15.8,"Styk1_Cdh13_Car10",7,"#FF6A6A","Gad2_Chrna6",3,"#FF0000"
497123638,488047675,"P58","Slc32a1-IRES-Cre","Ai14","cre reporter positive",488471655,"Mouse LGN - Core",11,488471473,"Slc32a1-IRES-Cre;Ai14-212359.11.01",501390179,2740341,63.3,2.94,10.7,"Calb2_Plac9a",11,"#9400E2","Gad2_Syt4",4,"#FFFF00"
497122205,485247333,"P56","Slc32a1-IRES-Cre","Ai14","cre reporter positive",487145183,"Mouse LGN - Shell",12,486749765,"Slc32a1-IRES-Cre;Ai14-204790.12.01",501390016,2100770,68.6,2.9,9.81,"Styk1_Xylb",9,"#FF3030","Gad2_Chrna6",3,"#FF0000"
497122156,485247214,"P54","Slc32a1-IRES-Cre","Ai14","cre reporter positive",486509624,"Mouse LGN - Core",13,486749564,"Slc32a1-IRES-Cre;Ai14-204789.13.01",501389988,1378645,63.6,3.18,11.2,"Gad2_Pvalb",18,"#FFD700","Gad2_Syt4",4,"#FFFF00"
497122645,487095969,"P58","Gad2-IRES-Cre","Ai14","cre reporter positive",488432974,"Mouse LGN - Core",12,488432945,"Gad2-IRES-Cre;Ai14-209943.12.01",501389298,2432719,67.2,2.87,8.71,"Gad2_Pvalb",18,"#FFD700","Gad2_Syt4",4,"#FFFF00"
497123795,488448312,"P55","Snap25-IRES2-Cre","Ai14","cre reporter positive",489373539,"Mouse LGN - Core",10,489353434,"Snap25-IRES2-Cre;Ai14-213715.10.01",501390631,2456185,67.5,2.59,12.6,"Gad2_Rspo2",16,"#FF8C00","Gad2_Syt4",4,"#FFFF00"
497123591,488047647,"P56","Slc32a1-IRES-Cre","Ai14","cre reporter positive",488421165,"Mouse LGN - Core",10,488421082,"Slc32a1-IRES-Cre;Ai14-212358.10.01",501390085,3245670,60.7,3.14,13.3,"Gad2_Spata20",12,"#F80FF0","Gad2_Syt4",4,"#FFFF00"
497124627,491517075,"P58","Slc32a1-IRES-Cre","Ai14","cre reporter positive",491760722,"Mouse LGN - Core",10,491760675,"Slc32a1-IRES-Cre;Ai14-220656.10.01",501390198,2599979,33.2,1.06,1.28,"Gad2_Sepp1",5,"#C77963","Gad2_Sepp1",2,"#C77963"
497124406,488448320,"P57","Snap25-IRES2-Cre","Ai14","cre reporter positive",489891149,"Mouse LGN - Shell",10,489891123,"Snap25-IRES2-Cre;Ai14-213717.10.01",501390898,2715483,47.2,4.11,16.7,"Olig1_Pdgfra",21,"#505050","Olig1",6,"#333333"
497122926,487244822,"P56","Snap25-IRES2-Cre","Ai14","cre reporter positive",488399931,"Mouse LGN - Core",10,488399783,"Snap25-IRES2-Cre;Ai14-211623.10.01",501390402,1812494,48.2,3.3,22,"Chrna6_Plac9a",8,"#E7298A","Gad2_Chrna6",3,"#FF0000"
497122193,485247333,"P56","Slc32a1-IRES-Cre","Ai14","cre reporter positive",487102677,"Mouse LGN - Core",13,487102603,"Slc32a1-IRES-Cre;Ai14-204790.13.01",501390028,1053290,69.2,2.85,7.9,"Gad2_Pvalb",18,"#FFD700","Gad2_Syt4",4,"#FFFF00"
497122636,487095969,"P58","Gad2-IRES-Cre","Ai14","cre reporter positive",488432970,"Mouse LGN - Core",11,488432935,"Gad2-IRES-Cre;Ai14-209943.11.01",501389282,2437502,63.9,3.2,9.55,"Cck_Serpina3g",15,"#F08080","Gad2_Syt4",4,"#FFFF00"
497122188,485247333,"P56","Slc32a1-IRES-Cre","Ai14","cre reporter positive",487102677,"Mouse LGN - Core",13,487102603,"Slc32a1-IRES-Cre;Ai14-204790.13.01",501390023,889989,70.2,2.58,6.48,"Gad2_Pvalb",18,"#FFD700","Gad2_Syt4",4,"#FFFF00"
497123617,488047647,"P56","Slc32a1-IRES-Cre","Ai14","cre reporter positive",488421168,"Mouse LGN - Shell",10,488421082,"Slc32a1-IRES-Cre;Ai14-212358.10.01",501390087,2743214,63.2,3.04,11.1,"Gad2_Zar1",14,"#FFA500","Gad2_Syt4",4,"#FFFF00"
497122770,487095972,"P59","Gad2-IRES-Cre","Ai14","cre reporter positive",488745663,"Mouse LGN - Shell",10,488745518,"Gad2-IRES-Cre;Ai14-209944.10.01",501389353,2441617,56.9,3.23,12.5,"Gad2_Zar1",14,"#FFA500","Gad2_Syt4",4,"#FFFF00"
497122221,484742351,"P57","Snap25-IRES2-Cre","Ai14","cre reporter positive",486793813,"Mouse LGN - Core",11,486792867,"Snap25-IRES2-Cre;Ai14-202521.11.01",501390253,873484,57.7,3.12,15.2,"Styk1_Cdh13_Car10",7,"#FF6A6A","Gad2_Chrna6",3,"#FF0000"
497122792,487095972,"P59","Gad2-IRES-Cre","Ai14","cre reporter positive",488745669,"Mouse LGN - Shell",11,488745550,"Gad2-IRES-Cre;Ai14-209944.11.01",501389388,1585254,59.5,2.91,10.1,"Chrna6_Plac9a",8,"#E7298A","Gad2_Chrna6",3,"#FF0000"
497124387,488448316,"P56","Snap25-IRES2-Cre","Ai14","cre reporter positive",489890604,"Mouse LGN - Shell",9,489890572,"Snap25-IRES2-Cre;Ai14-213716.09.01",501390815,2474200,60.4,3.76,7.14,"Olig1_Opalin",23,"#C8C8C8","Olig1",6,"#333333"
497124642,491517079,"P59","Slc32a1-IRES-Cre","Ai14","cre reporter positive",491885602,"Mouse LGN - Shell",12,491885130,"Slc32a1-IRES-Cre;Ai14-220657.12.01",501390231,2883715,63.2,3.1,11.9,"Styk1_Cdh13_Car10",7,"#FF6A6A","Gad2_Chrna6",3,"#FF0000"
497124665,491517079,"P59","Slc32a1-IRES-Cre","Ai14","cre reporter positive",491885737,"Mouse LGN - Shell",10,491884212,"Slc32a1-IRES-Cre;Ai14-220657.10.01",501390204,2365527,66.1,2.71,10.8,"Tac1_Gabra4",6,"#CE1256","Gad2_Chrna6",3,"#FF0000"
497123711,487244818,"P55","Snap25-IRES2-Cre","Ai14","cre reporter positive",488746857,"Mouse LGN - Core",10,488746830,"Snap25-IRES2-Cre;Ai14-211621.10.01",501390307,2842977,40.8,2.33,17.8,"Gad2_Sepp1",5,"#C77963","Gad2_Sepp1",2,"#C77963"
497123573,488047647,"P56","Slc32a1-IRES-Cre","Ai14","cre reporter positive",488421156,"Mouse LGN - Core",9,488421000,"Slc32a1-IRES-Cre;Ai14-212358.09.01",501390044,3353432,50.8,3.31,18.6,"Plek2_Cpne4",19,"#C994C7","Gad2_Syt4",4,"#FFFF00"
497122211,485247333,"P56","Slc32a1-IRES-Cre","Ai14","cre reporter positive",487145183,"Mouse LGN - Shell",12,486749765,"Slc32a1-IRES-Cre;Ai14-204790.12.01",501390022,1377229,72.7,2.41,7.42,"Chrna6_Plac9a",8,"#E7298A","Gad2_Chrna6",3,"#FF0000"
497123595,488047647,"P56","Slc32a1-IRES-Cre","Ai14","cre reporter positive",488421172,"Mouse LGN - Core",11,488421093,"Slc32a1-IRES-Cre;Ai14-212358.11.01",501390097,2485581,55.7,3.43,12.8,"Calb2_Plac9a",11,"#9400E2","Gad2_Syt4",4,"#FFFF00"
497124519,490370092,"P53","Gad2-IRES-Cre","Ai14","cre reporter positive",490916893,"Mouse LGN - Core",11,490916500,"Gad2-IRES-Cre;Ai14-217032.11.01",501389423,2464043,64.2,2.94,8.84,"Gad2_Zar1",14,"#FFA500","Gad2_Syt4",4,"#FFFF00"
497124356,488448316,"P56","Snap25-IRES2-Cre","Ai14","cre reporter positive",489890595,"Mouse LGN - Shell",8,489890562,"Snap25-IRES2-Cre;Ai14-213716.08.01",501390768,2480283,60.6,5.36,8.4,"Olig1_Opalin",23,"#C8C8C8","Olig1",6,"#333333"
497123749,488047675,"P58","Slc32a1-IRES-Cre","Ai14","cre reporter positive",488471713,"Mouse LGN - Core",9,488471426,"Slc32a1-IRES-Cre;Ai14-212359.09.01",501390131,2167782,45.6,3.45,21.7,"Styk1_Cdh13_Car10",7,"#FF6A6A","Gad2_Chrna6",3,"#FF0000"
497124717,491517110,"P57","Gad2-IRES-Cre","Ai14","cre reporter positive",492102733,"Mouse LGN - Core",13,492102593,"Gad2-IRES-Cre;Ai14-221099.13.01",501389459,2594308,58.6,3.51,13.1,"Chrna6_Plac9a",8,"#E7298A","Gad2_Chrna6",3,"#FF0000"
497123550,487244818,"P55","Snap25-IRES2-Cre","Ai14","cre reporter positive",488746860,"Mouse LGN - Shell",10,488746830,"Snap25-IRES2-Cre;Ai14-211621.10.01",501390338,3045079,57.1,3.29,15.1,"Tac1_Gabra4",6,"#CE1256","Gad2_Chrna6",3,"#FF0000"
497124710,491517110,"P57","Gad2-IRES-Cre","Ai14","cre reporter positive",492102697,"Mouse LGN - Core",12,492102582,"Gad2-IRES-Cre;Ai14-221099.12.01",501389452,2414925,55.1,3.71,15.7,"Chrna6_Plac9a",8,"#E7298A","Gad2_Chrna6",3,"#FF0000"
497122769,487095972,"P59","Gad2-IRES-Cre","Ai14","cre reporter positive",488745663,"Mouse LGN - Shell",10,488745518,"Gad2-IRES-Cre;Ai14-209944.10.01",501389352,2406625,66.3,2.48,5.47,"Gad2_Zar1",14,"#FFA500","Gad2_Syt4",4,"#FFFF00"
497122699,487095972,"P59","Gad2-IRES-Cre","Ai14","cre reporter positive",488745675,"Mouse LGN - Shell",12,488745630,"Gad2-IRES-Cre;Ai14-209944.12.01",501389397,2493086,71.6,2.15,4.57,"Styk1_Cdh13_Car10",7,"#FF6A6A","Gad2_Chrna6",3,"#FF0000"
497122170,485247333,"P56","Slc32a1-IRES-Cre","Ai14","cre reporter positive",486749760,"Mouse LGN - Core",11,486749740,"Slc32a1-IRES-Cre;Ai14-204790.11.01",501390002,4207136,60.9,3.61,12.9,"Chrna6_Plac9a",8,"#E7298A","Gad2_Chrna6",3,"#FF0000"
497122148,485247214,"P54","Slc32a1-IRES-Cre","Ai14","cre reporter positive",486509624,"Mouse LGN - Core",13,486749564,"Slc32a1-IRES-Cre;Ai14-204789.13.01",501389980,617242,63.4,3.05,11.5,"Gad2_Pvalb",18,"#FFD700","Gad2_Syt4",4,"#FFFF00"
497122735,487095969,"P58","Gad2-IRES-Cre","Ai14","cre reporter positive",488432970,"Mouse LGN - Core",11,488432935,"Gad2-IRES-Cre;Ai14-209943.11.01",501389281,2436172,56,2.93,13.3,"Styk1_Cdh13_Car10",7,"#FF6A6A","Gad2_Chrna6",3,"#FF0000"
497124251,488743666,"P57","Slc17a6-IRES-Cre","Ai14","cre reporter positive",490274417,"Mouse LGN - Core",11,490274369,"Slc17a6-IRES-Cre;Ai14-214450.11.01",501389698,2247259,53.1,3.65,18.2,"Slc17a6_Calb2",4,"#74A9CF","Slc17a6",1,"#0000FF"
497123537,488047675,"P58","Slc32a1-IRES-Cre","Ai14","cre reporter positive",488471707,"Mouse LGN - Core",10,488471436,"Slc32a1-IRES-Cre;Ai14-212359.10.01",501390159,2039213,59.1,3.11,15.1,"Styk1_Cdh13_Car10",7,"#FF6A6A","Gad2_Chrna6",3,"#FF0000"
497122797,487095972,"P59","Gad2-IRES-Cre","Ai14","cre reporter positive",488745669,"Mouse LGN - Shell",11,488745550,"Gad2-IRES-Cre;Ai14-209944.11.01",501389393,2569287,53.9,3.22,15.8,"Tac1_Gabra4",6,"#CE1256","Gad2_Chrna6",3,"#FF0000"
497122659,487095969,"P58","Gad2-IRES-Cre","Ai14","cre reporter positive",488432977,"Mouse LGN - Shell",12,488432945,"Gad2-IRES-Cre;Ai14-209943.12.01",501389319,2567889,54.3,3.43,15.6,"Gad2_Pvalb",18,"#FFD700","Gad2_Syt4",4,"#FFFF00"
497123505,488047647,"P56","Slc32a1-IRES-Cre","Ai14","cre reporter positive",488421165,"Mouse LGN - Core",10,488421082,"Slc32a1-IRES-Cre;Ai14-212358.10.01",501390063,2355530,54,3.04,15,"Styk1_Cdh13_Car10",7,"#FF6A6A","Gad2_Chrna6",3,"#FF0000"
497122730,487095969,"P58","Gad2-IRES-Cre","Ai14","cre reporter positive",488432970,"Mouse LGN - Core",11,488432935,"Gad2-IRES-Cre;Ai14-209943.11.01",501389276,2487995,54,2.88,14.7,"Cck_Npy_Pcdh15",17,"#E54E03","Gad2_Syt4",4,"#FFFF00"
497123524,488047675,"P58","Slc32a1-IRES-Cre","Ai14","cre reporter positive",488471707,"Mouse LGN - Core",10,488471436,"Slc32a1-IRES-Cre;Ai14-212359.10.01",501390138,3151571,63.4,2.96,10.9,"Styk1_Cdh13_Car10",7,"#FF6A6A","Gad2_Chrna6",3,"#FF0000"
497122905,487244822,"P56","Snap25-IRES2-Cre","Ai14","cre reporter positive",488399943,"Mouse LGN - Core",11,488399798,"Snap25-IRES2-Cre;Ai14-211623.11.01",501390460,1124240,59.6,4.87,9.79,"Olig1_Opalin",23,"#C8C8C8","Olig1",6,"#333333"
497124188,488448320,"P57","Snap25-IRES2-Cre","Ai14","cre reporter positive",489891146,"Mouse LGN - Core",10,489891123,"Snap25-IRES2-Cre;Ai14-213717.10.01",501390888,2445467,63.3,3.44,10.1,"Styk1_Cdh13_Car10",7,"#FF6A6A","Gad2_Chrna6",3,"#FF0000"
497122669,487095972,"P59","Gad2-IRES-Cre","Ai14","cre reporter positive",488745654,"Mouse LGN - Core",10,488745518,"Gad2-IRES-Cre;Ai14-209944.10.01",501389345,2419919,57.7,2.85,15.3,"Gad2_Pthlh",10,"#FDDCFF","Gad2_Chrna6",3,"#FF0000"
497122784,487095972,"P59","Gad2-IRES-Cre","Ai14","cre reporter positive",488745666,"Mouse LGN - Core",11,488745550,"Gad2-IRES-Cre;Ai14-209944.11.01",501389375,2319929,60.7,2.88,8.96,"Gad2_Zar1",14,"#FFA500","Gad2_Syt4",4,"#FFFF00"
497122204,485247333,"P56","Slc32a1-IRES-Cre","Ai14","cre reporter positive",487145183,"Mouse LGN - Shell",12,486749765,"Slc32a1-IRES-Cre;Ai14-204790.12.01",501390015,2109645,67.9,2.9,10.7,"Styk1_Xylb",9,"#FF3030","Gad2_Chrna6",3,"#FF0000"
497122766,487095969,"P58","Gad2-IRES-Cre","Ai14","cre reporter positive",488432977,"Mouse LGN - Shell",12,488432945,"Gad2-IRES-Cre;Ai14-209943.12.01",501389339,2503248,60.2,2.89,9.96,"Gad2_Pvalb",18,"#FFD700","Gad2_Syt4",4,"#FFFF00"
497123393,487244822,"P56","Snap25-IRES2-Cre","Ai14","cre reporter positive",488399931,"Mouse LGN - Core",10,488399783,"Snap25-IRES2-Cre;Ai14-211623.10.01",501390403,2227051,59,3.36,16.7,"Chrna6_Plac9a",8,"#E7298A","Gad2_Chrna6",3,"#FF0000"
497122181,485247333,"P56","Slc32a1-IRES-Cre","Ai14","cre reporter positive",487102671,"Mouse LGN - Core",12,486749765,"Slc32a1-IRES-Cre;Ai14-204790.12.01",501771426,3575036,64.8,3.14,10.5,"Styk1_Xylb",9,"#FF3030","Gad2_Chrna6",3,"#FF0000"
497124716,491517110,"P57","Gad2-IRES-Cre","Ai14","cre reporter positive",492102733,"Mouse LGN - Core",13,492102593,"Gad2-IRES-Cre;Ai14-221099.13.01",501389458,2579456,52.3,3.59,17.5,"Styk1_Cdh13_Car10",7,"#FF6A6A","Gad2_Chrna6",3,"#FF0000"
497123557,487244818,"P55","Snap25-IRES2-Cre","Ai14","cre reporter positive",488746863,"Mouse LGN - Core",11,488746842,"Snap25-IRES2-Cre;Ai14-211621.11.01",501390345,3111859,48.5,1.91,4.81,"Gad2_Sepp1",5,"#C77963","Gad2_Sepp1",2,"#C77963"
497122216,484742351,"P57","Snap25-IRES2-Cre","Ai14","cre reporter positive",486793813,"Mouse LGN - Core",11,486792867,"Snap25-IRES2-Cre;Ai14-202521.11.01",501390248,607184,64.2,2.93,10.5,"Styk1_Cdh13_Car10",7,"#FF6A6A","Gad2_Chrna6",3,"#FF0000"
497123383,487244822,"P56","Snap25-IRES2-Cre","Ai14","cre reporter positive",488399943,"Mouse LGN - Core",11,488399798,"Snap25-IRES2-Cre;Ai14-211623.11.01",501390473,2487438,61.4,3.48,14.4,"Slc17a6_Calb2",4,"#74A9CF","Slc17a6",1,"#0000FF"
497123501,488047647,"P56","Slc32a1-IRES-Cre","Ai14","cre reporter positive",488421165,"Mouse LGN - Core",10,488421082,"Slc32a1-IRES-Cre;Ai14-212358.10.01",501390059,3035767,53.8,3.38,12.5,"Calb2_Plac9a",11,"#9400E2","Gad2_Syt4",4,"#FFFF00"
497123529,488047675,"P58","Slc32a1-IRES-Cre","Ai14","cre reporter positive",488471707,"Mouse LGN - Core",10,488471436,"Slc32a1-IRES-Cre;Ai14-212359.10.01",501390151,2569081,59.6,2.77,13.8,"Tac1_Gabra4",6,"#CE1256","Gad2_Chrna6",3,"#FF0000"
497124460,489910845,"P54","Snap25-IRES2-Cre","Ai14","cre reporter positive",490273851,"Mouse LGN - Shell",10,490273808,"Snap25-IRES2-Cre;Ai14-215928.10.01",501390976,910457,57.7,2.8,13.6,"Chrna6_Plac9a",8,"#E7298A","Gad2_Chrna6",3,"#FF0000"
497122150,485247214,"P54","Slc32a1-IRES-Cre","Ai14","cre reporter positive",486509624,"Mouse LGN - Core",13,486749564,"Slc32a1-IRES-Cre;Ai14-204789.13.01",501389982,743643,63.4,3.1,11.2,"Gad2_Pvalb",18,"#FFD700","Gad2_Syt4",4,"#FFFF00"
497123574,488047647,"P56","Slc32a1-IRES-Cre","Ai14","cre reporter positive",488421156,"Mouse LGN - Core",9,488421000,"Slc32a1-IRES-Cre;Ai14-212358.09.01",501390045,3265078,52.4,3.27,17.3,"Plek2_Cpne4",19,"#C994C7","Gad2_Syt4",4,"#FFFF00"
497123769,488448312,"P55","Snap25-IRES2-Cre","Ai14","cre reporter positive",489365388,"Mouse LGN - Core",12,489353558,"Snap25-IRES2-Cre;Ai14-213715.12.01",501390701,2157626,66.2,2.79,9.82,"Styk1_Xylb",9,"#FF3030","Gad2_Chrna6",3,"#FF0000"
497122809,487244822,"P56","Snap25-IRES2-Cre","Ai14","cre reporter positive",488399943,"Mouse LGN - Core",11,488399798,"Snap25-IRES2-Cre;Ai14-211623.11.01",501390444,1164466,61.5,3.03,14.4,"Slc17a6_Calb2",4,"#74A9CF","Slc17a6",1,"#0000FF"
497122415,484742351,"P57","Snap25-IRES2-Cre","Ai14","cre reporter positive",486794521,"Mouse LGN - Core",12,486793590,"Snap25-IRES2-Cre;Ai14-202521.12.01",501390263,2928023,65.6,2.6,9.87,"Gad2_Pthlh",10,"#FDDCFF","Gad2_Chrna6",3,"#FF0000"
497122793,487095972,"P59","Gad2-IRES-Cre","Ai14","cre reporter positive",488745669,"Mouse LGN - Shell",11,488745550,"Gad2-IRES-Cre;Ai14-209944.11.01",501389389,2554119,60.2,2.65,10.8,"Tac1_Gabra4",6,"#CE1256","Gad2_Chrna6",3,"#FF0000"
497122162,485247214,"P54","Slc32a1-IRES-Cre","Ai14","cre reporter positive",486509624,"Mouse LGN - Core",13,486749564,"Slc32a1-IRES-Cre;Ai14-204789.13.01",501389994,1070980,73.1,2.66,5.23,"Gad2_Pvalb",18,"#FFD700","Gad2_Syt4",4,"#FFFF00"
497124412,488448320,"P57","Snap25-IRES2-Cre","Ai14","cre reporter positive",489891155,"Mouse LGN - Shell",11,489891133,"Snap25-IRES2-Cre;Ai14-213717.11.01",501390936,2878342,56.9,2.77,13.7,"Tac1_Gabra4",6,"#CE1256","Gad2_Chrna6",3,"#FF0000"
497124695,491517110,"P57","Gad2-IRES-Cre","Ai14","cre reporter positive",492102665,"Mouse LGN - Shell",11,492102559,"Gad2-IRES-Cre;Ai14-221099.11.01",501389437,2603306,51.2,2.98,17.6,"Tac1_Gabra4",6,"#CE1256","Gad2_Chrna6",3,"#FF0000"
497122668,487095972,"P59","Gad2-IRES-Cre","Ai14","cre reporter positive",488745654,"Mouse LGN - Core",10,488745518,"Gad2-IRES-Cre;Ai14-209944.10.01",501389344,2419111,56.4,3.19,15.8,"Styk1_Cdh13_Car10",7,"#FF6A6A","Gad2_Chrna6",3,"#FF0000"
497122655,487095969,"P58","Gad2-IRES-Cre","Ai14","cre reporter positive",488432977,"Mouse LGN - Shell",12,488432945,"Gad2-IRES-Cre;Ai14-209943.12.01",501389315,2418572,64.6,3.05,8.64,"Gad2_Spata20",12,"#F80FF0","Gad2_Syt4",4,"#FFFF00"
497123764,488448312,"P55","Snap25-IRES2-Cre","Ai14","cre reporter positive",489365388,"Mouse LGN - Core",12,489353558,"Snap25-IRES2-Cre;Ai14-213715.12.01",501390696,3077996,43.2,3.63,24.1,"Styk1_Cdh13_Car10",7,"#FF6A6A","Gad2_Chrna6",3,"#FF0000"
497123932,488448320,"P57","Snap25-IRES2-Cre","Ai14","cre reporter positive",489891152,"Mouse LGN - Core",11,489891133,"Snap25-IRES2-Cre;Ai14-213717.11.01",501390904,2897448,65.8,3.1,12,"Styk1_Cdh13_Car10",7,"#FF6A6A","Gad2_Chrna6",3,"#FF0000"
497122635,487095969,"P58","Gad2-IRES-Cre","Ai14","cre reporter positive",488432970,"Mouse LGN - Core",11,488432935,"Gad2-IRES-Cre;Ai14-209943.11.01",501389273,2107284,72.5,2.31,2.62,"Tac1_Gabra4",6,"#CE1256","Gad2_Chrna6",3,"#FF0000"
497122760,487095969,"P58","Gad2-IRES-Cre","Ai14","cre reporter positive",488432977,"Mouse LGN - Shell",12,488432945,"Gad2-IRES-Cre;Ai14-209943.12.01",501389333,2433160,55.8,3.19,13.9,"Chrna6_Plac9a",8,"#E7298A","Gad2_Chrna6",3,"#FF0000"
497122701,487095972,"P59","Gad2-IRES-Cre","Ai14","cre reporter positive",488745675,"Mouse LGN - Shell",12,488745630,"Gad2-IRES-Cre;Ai14-209944.12.01",501389398,2252480,53.9,3.18,17.3,"Styk1_Cdh13_Car10",7,"#FF6A6A","Gad2_Chrna6",3,"#FF0000"
497122214,484742351,"P57","Snap25-IRES2-Cre","Ai14","cre reporter positive",486793813,"Mouse LGN - Core",11,486792867,"Snap25-IRES2-Cre;Ai14-202521.11.01",501390246,527235,58.1,3.1,8.37,"Olig1_Opalin",23,"#C8C8C8","Olig1",6,"#333333"
497122964,487244826,"P57","Snap25-IRES2-Cre","Ai14","cre reporter positive",489889875,"Mouse LGN - Core",11,489889862,"Snap25-IRES2-Cre;Ai14-211624.11.01",501390618,2002864,47.7,4.25,14,"Olig1_Opalin",23,"#C8C8C8","Olig1",6,"#333333"
497122641,487095969,"P58","Gad2-IRES-Cre","Ai14","cre reporter positive",488432970,"Mouse LGN - Core",11,488432935,"Gad2-IRES-Cre;Ai14-209943.11.01",501389287,2144613,56.3,1.63,6.42,"Gad2_Sepp1",5,"#C77963","Gad2_Sepp1",2,"#C77963"
497122634,487095969,"P58","Gad2-IRES-Cre","Ai14","cre reporter positive",488432970,"Mouse LGN - Core",11,488432935,"Gad2-IRES-Cre;Ai14-209943.11.01",501389272,2455394,64.4,3,9.46,"Gad2_Rspo2",16,"#FF8C00","Gad2_Syt4",4,"#FFFF00"
497123506,488047647,"P56","Slc32a1-IRES-Cre","Ai14","cre reporter positive",488421165,"Mouse LGN - Core",10,488421082,"Slc32a1-IRES-Cre;Ai14-212358.10.01",501390064,2277102,50.9,2.95,14.3,"Gad2_Spata20",12,"#F80FF0","Gad2_Syt4",4,"#FFFF00"
497123921,488448320,"P57","Snap25-IRES2-Cre","Ai14","cre reporter positive",489891146,"Mouse LGN - Core",10,489891123,"Snap25-IRES2-Cre;Ai14-213717.10.01",501390869,2923638,57.5,3.37,15.7,"Styk1_Cdh13_Car10",7,"#FF6A6A","Gad2_Chrna6",3,"#FF0000"
497123743,488047675,"P58","Slc32a1-IRES-Cre","Ai14","cre reporter positive",488471710,"Mouse LGN - Shell",9,488471426,"Slc32a1-IRES-Cre;Ai14-212359.09.01",501390117,2624674,58.3,3.19,15.1,"Tac1_Gabra4",6,"#CE1256","Gad2_Chrna6",3,"#FF0000"
497124341,488448312,"P55","Snap25-IRES2-Cre","Ai14","cre reporter positive",489374190,"Mouse LGN - Shell",11,489353527,"Snap25-IRES2-Cre;Ai14-213715.11.01",501390689,2431603,64.2,3.12,10.1,"Chrna6_Plac9a",8,"#E7298A","Gad2_Chrna6",3,"#FF0000"
497122803,487095972,"P59","Gad2-IRES-Cre","Ai14","cre reporter positive",488745675,"Mouse LGN - Shell",12,488745630,"Gad2-IRES-Cre;Ai14-209944.12.01",501389404,2853635,57.9,2.87,11.8,"Styk1_Cdh13_Car10",7,"#FF6A6A","Gad2_Chrna6",3,"#FF0000"
497123533,488047675,"P58","Slc32a1-IRES-Cre","Ai14","cre reporter positive",488471707,"Mouse LGN - Core",10,488471436,"Slc32a1-IRES-Cre;Ai14-212359.10.01",501390155,2224759,57.5,3.22,15.6,"Styk1_Cdh13_Car10",7,"#FF6A6A","Gad2_Chrna6",3,"#FF0000"
497122642,487095969,"P58","Gad2-IRES-Cre","Ai14","cre reporter positive",488432970,"Mouse LGN - Core",11,488432935,"Gad2-IRES-Cre;Ai14-209943.11.01",501389288,2764363,69,2.53,6.13,"Plek2_Pkib",13,"#FFFF00","Gad2_Syt4",4,"#FFFF00"
497124393,488448316,"P56","Snap25-IRES2-Cre","Ai14","cre reporter positive",489890604,"Mouse LGN - Shell",9,489890572,"Snap25-IRES2-Cre;Ai14-213716.09.01",501390821,2724052,61,2.87,11.9,"Tac1_Gabra4",6,"#CE1256","Gad2_Chrna6",3,"#FF0000"
497122743,487095969,"P58","Gad2-IRES-Cre","Ai14","cre reporter positive",488432970,"Mouse LGN - Core",11,488432935,"Gad2-IRES-Cre;Ai14-209943.11.01",501389297,2525366,61.3,2.91,11,"Styk1_Cdh13_Car10",7,"#FF6A6A","Gad2_Chrna6",3,"#FF0000"
497122866,487244826,"P57","Snap25-IRES2-Cre","Ai14","cre reporter positive",489889872,"Mouse LGN - Core",10,489889833,"Snap25-IRES2-Cre;Ai14-211624.10.01",501390577,1759053,61.9,4.18,9.51,"Olig1_Opalin",23,"#C8C8C8","Olig1",6,"#333333"
497123580,488047647,"P56","Slc32a1-IRES-Cre","Ai14","cre reporter positive",488421156,"Mouse LGN - Core",9,488421000,"Slc32a1-IRES-Cre;Ai14-212358.09.01",501390051,2262115,56.9,3.21,14.4,"Gad2_Zar1",14,"#FFA500","Gad2_Syt4",4,"#FFFF00"
497122241,486300859,"P58","Slc17a6-IRES-Cre","Ai14","cre reporter positive",488441163,"Mouse LGN - Core",12,488439018,"Slc17a6-IRES-Cre;Ai14-207720.12.01",501389490,2393688,62.7,2.9,11.1,"Slc17a6_Calb2",4,"#74A9CF","Slc17a6",1,"#0000FF"
497122697,487095972,"P59","Gad2-IRES-Cre","Ai14","cre reporter positive",488745675,"Mouse LGN - Shell",12,488745630,"Gad2-IRES-Cre;Ai14-209944.12.01",501389395,2370059,58.5,3.01,14.9,"Chrna6_Plac9a",8,"#E7298A","Gad2_Chrna6",3,"#FF0000"
497123696,487244818,"P55","Snap25-IRES2-Cre","Ai14","cre reporter positive",488746857,"Mouse LGN - Core",10,488746830,"Snap25-IRES2-Cre;Ai14-211621.10.01",501390292,2347351,55.3,4.06,10.8,"Olig1_Opalin",23,"#C8C8C8","Olig1",6,"#333333"
497124651,491517079,"P59","Slc32a1-IRES-Cre","Ai14","cre reporter positive",491885602,"Mouse LGN - Shell",12,491885130,"Slc32a1-IRES-Cre;Ai14-220657.12.01",501390239,2328767,51.3,3.34,19.3,"Styk1_Cdh13_Car10",7,"#FF6A6A","Gad2_Chrna6",3,"#FF0000"
497124626,491517075,"P58","Slc32a1-IRES-Cre","Ai14","cre reporter positive",491760722,"Mouse LGN - Core",10,491760675,"Slc32a1-IRES-Cre;Ai14-220656.10.01",501390197,2341160,34.3,2.32,14.1,"Gad2_Sepp1",5,"#C77963","Gad2_Sepp1",2,"#C77963"
497123512,488047647,"P56","Slc32a1-IRES-Cre","Ai14","cre reporter positive",488421165,"Mouse LGN - Core",10,488421082,"Slc32a1-IRES-Cre;Ai14-212358.10.01",501390070,2335532,58.2,2.9,10,"Gad2_Spata20",12,"#F80FF0","Gad2_Syt4",4,"#FFFF00"
497123610,488047675,"P58","Slc32a1-IRES-Cre","Ai14","cre reporter positive",488471681,"Mouse LGN - Shell",11,488471473,"Slc32a1-IRES-Cre;Ai14-212359.11.01",501390183,2393211,59,1.47,9.45,"Gad2_Sepp1",5,"#C77963","Gad2_Sepp1",2,"#C77963"
497123942,488448320,"P57","Snap25-IRES2-Cre","Ai14","cre reporter positive",489891152,"Mouse LGN - Core",11,489891133,"Snap25-IRES2-Cre;Ai14-213717.11.01",501390914,3270458,59.9,3.14,13.7,"Styk1_Cdh13_Car10",7,"#FF6A6A","Gad2_Chrna6",3,"#FF0000"
497122182,485247333,"P56","Slc32a1-IRES-Cre","Ai14","cre reporter positive",487102671,"Mouse LGN - Core",12,486749765,"Slc32a1-IRES-Cre;Ai14-204790.12.01",501390011,3658145,70.9,2.58,8.03,"Styk1_Xylb",9,"#FF3030","Gad2_Chrna6",3,"#FF0000"
497123520,488047675,"P58","Slc32a1-IRES-Cre","Ai14","cre reporter positive",488471707,"Mouse LGN - Core",10,488471436,"Slc32a1-IRES-Cre;Ai14-212359.10.01",501390134,1660527,53.8,2.11,10.1,"Gad2_Sepp1",5,"#C77963","Gad2_Sepp1",2,"#C77963"
497122620,487095969,"P58","Gad2-IRES-Cre","Ai14","cre reporter positive",488432962,"Mouse LGN - Core",10,488432925,"Gad2-IRES-Cre;Ai14-209943.10.01",501389250,2426639,55.5,3.27,16.1,"Styk1_Cdh13_Car10",7,"#FF6A6A","Gad2_Chrna6",3,"#FF0000"
497122780,487095972,"P59","Gad2-IRES-Cre","Ai14","cre reporter positive",488745666,"Mouse LGN - Core",11,488745550,"Gad2-IRES-Cre;Ai14-209944.11.01",501389371,2572305,54.3,3.26,14.2,"Tac1_Gabra4",6,"#CE1256","Gad2_Chrna6",3,"#FF0000"
497123739,488047675,"P58","Slc32a1-IRES-Cre","Ai14","cre reporter positive",488471710,"Mouse LGN - Shell",9,488471426,"Slc32a1-IRES-Cre;Ai14-212359.09.01",501390113,3015638,71.3,1.55,1.52,"Olig1_Opalin",23,"#C8C8C8","Olig1",6,"#333333"
497123459,487244826,"P57","Snap25-IRES2-Cre","Ai14","cre reporter positive",489889878,"Mouse LGN - Core",9,489889852,"Snap25-IRES2-Cre;Ai14-211624.09.01",501390531,2681621,60.1,3.53,8.46,"Olig1_Opalin",23,"#C8C8C8","Olig1",6,"#333333"
497122751,487095969,"P58","Gad2-IRES-Cre","Ai14","cre reporter positive",488432974,"Mouse LGN - Core",12,488432945,"Gad2-IRES-Cre;Ai14-209943.12.01",501389308,2441225,51.3,2.99,15.5,"Calb2_Plac9a",11,"#9400E2","Gad2_Syt4",4,"#FFFF00"
497124706,491517110,"P57","Gad2-IRES-Cre","Ai14","cre reporter positive",492102697,"Mouse LGN - Core",12,492102582,"Gad2-IRES-Cre;Ai14-221099.12.01",501389448,2348168,55.7,2.81,17.2,"Cck_Serpina3g",15,"#F08080","Gad2_Syt4",4,"#FFFF00"
497122667,487095972,"P59","Gad2-IRES-Cre","Ai14","cre reporter positive",488745654,"Mouse LGN - Core",10,488745518,"Gad2-IRES-Cre;Ai14-209944.10.01",501389343,2503088,59.9,2.81,12.1,"Styk1_Cdh13_Car10",7,"#FF6A6A","Gad2_Chrna6",3,"#FF0000"
497122787,487095972,"P59","Gad2-IRES-Cre","Ai14","cre reporter positive",488745666,"Mouse LGN - Core",11,488745550,"Gad2-IRES-Cre;Ai14-209944.11.01",501389378,504189,47.7,3.48,17.9,"Styk1_Cdh13_Car10",7,"#FF6A6A","Gad2_Chrna6",3,"#FF0000"
497122622,487095969,"P58","Gad2-IRES-Cre","Ai14","cre reporter positive",488432962,"Mouse LGN - Core",10,488432925,"Gad2-IRES-Cre;Ai14-209943.10.01",501389252,2423078,61.4,3.28,11,"Plek2_Pkib",13,"#FFFF00","Gad2_Syt4",4,"#FFFF00"
497122690,487095972,"P59","Gad2-IRES-Cre","Ai14","cre reporter positive",488745669,"Mouse LGN - Shell",11,488745550,"Gad2-IRES-Cre;Ai14-209944.11.01",501389381,2606593,59.4,3.07,13.5,"Styk1_Cdh13_Car10",7,"#FF6A6A","Gad2_Chrna6",3,"#FF0000"
497122977,487244826,"P57","Snap25-IRES2-Cre","Ai14","cre reporter positive",489889881,"Mouse LGN - Shell",9,489889852,"Snap25-IRES2-Cre;Ai14-211624.09.01",501390554,1828080,27.5,3.91,27.7,"Olig1_Pdgfra",21,"#505050","Olig1",6,"#333333"
497124659,491517079,"P59","Slc32a1-IRES-Cre","Ai14","cre reporter positive",491885646,"Mouse LGN - Shell",11,491884335,"Slc32a1-IRES-Cre;Ai14-220657.11.01",501390219,2450014,58.2,3.55,14.1,"Tac1_Gabra4",6,"#CE1256","Gad2_Chrna6",3,"#FF0000"
497123636,488047675,"P58","Slc32a1-IRES-Cre","Ai14","cre reporter positive",488471655,"Mouse LGN - Core",11,488471473,"Slc32a1-IRES-Cre;Ai14-212359.11.01",501390177,2230010,60.5,3.05,13.6,"Calb2_Plac9a",11,"#9400E2","Gad2_Syt4",4,"#FFFF00"
497124666,491517079,"P59","Slc32a1-IRES-Cre","Ai14","cre reporter positive",491885737,"Mouse LGN - Shell",10,491884212,"Slc32a1-IRES-Cre;Ai14-220657.10.01",501390205,2454002,50.7,3.59,18.8,"Tac1_Gabra4",6,"#CE1256","Gad2_Chrna6",3,"#FF0000"
497122737,487095969,"P58","Gad2-IRES-Cre","Ai14","cre reporter positive",488432970,"Mouse LGN - Core",11,488432935,"Gad2-IRES-Cre;Ai14-209943.11.01",501389291,2187058,57.9,2.65,8.44,"Calb2_Plac9a",11,"#9400E2","Gad2_Syt4",4,"#FFFF00"
497122753,487095969,"P58","Gad2-IRES-Cre","Ai14","cre reporter positive",488432977,"Mouse LGN - Shell",12,488432945,"Gad2-IRES-Cre;Ai14-209943.12.01",501389326,2644274,54.4,3.05,15.5,"Tac1_Gabra4",6,"#CE1256","Gad2_Chrna6",3,"#FF0000"
497122145,485247214,"P54","Slc32a1-IRES-Cre","Ai14","cre reporter positive",486509295,"Mouse LGN - Core",11,486749503,"Slc32a1-IRES-Cre;Ai14-204789.11.01",501389977,3920690,45.3,4.01,20.4,"Tac1_Gabra4",6,"#CE1256","Gad2_Chrna6",3,"#FF0000"
497122142,485247214,"P54","Slc32a1-IRES-Cre","Ai14","cre reporter positive",486509295,"Mouse LGN - Core",11,486749503,"Slc32a1-IRES-Cre;Ai14-204789.11.01",501389974,3309330,48.8,3.63,17.7,"Tac1_Gabra4",6,"#CE1256","Gad2_Chrna6",3,"#FF0000"
497124196,488448320,"P57","Snap25-IRES2-Cre","Ai14","cre reporter positive",489891152,"Mouse LGN - Core",11,489891133,"Snap25-IRES2-Cre;Ai14-213717.11.01",501390920,2314874,67.1,2.63,9.94,"Chrna6_Plac9a",8,"#E7298A","Gad2_Chrna6",3,"#FF0000"
497123553,487244818,"P55","Snap25-IRES2-Cre","Ai14","cre reporter positive",488746863,"Mouse LGN - Core",11,488746842,"Snap25-IRES2-Cre;Ai14-211621.11.01",501390341,2805148,52.4,3.75,15.9,"Styk1_Cdh13_Car10",7,"#FF6A6A","Gad2_Chrna6",3,"#FF0000"
497122963,487244826,"P57","Snap25-IRES2-Cre","Ai14","cre reporter positive",489889875,"Mouse LGN - Core",11,489889862,"Snap25-IRES2-Cre;Ai14-211624.11.01",501390617,1669566,52.9,3.05,19.9,"Styk1_Cdh13_Car10",7,"#FF6A6A","Gad2_Chrna6",3,"#FF0000"
497124365,488448316,"P56","Snap25-IRES2-Cre","Ai14","cre reporter positive",489890595,"Mouse LGN - Shell",8,489890562,"Snap25-IRES2-Cre;Ai14-213716.08.01",501390777,2580512,60.1,2.94,10.4,"Plek2_Pkib",13,"#FFFF00","Gad2_Syt4",4,"#FFFF00"
497123653,488047675,"P58","Slc32a1-IRES-Cre","Ai14","cre reporter positive",488471707,"Mouse LGN - Core",10,488471436,"Slc32a1-IRES-Cre;Ai14-212359.10.01",501390147,2950165,63.2,3.06,13.3,"Styk1_Cdh13_Car10",7,"#FF6A6A","Gad2_Chrna6",3,"#FF0000"
497124709,491517110,"P57","Gad2-IRES-Cre","Ai14","cre reporter positive",492102697,"Mouse LGN - Core",12,492102582,"Gad2-IRES-Cre;Ai14-221099.12.01",501389451,2707108,54.5,3.25,17.8,"Tac1_Gabra4",6,"#CE1256","Gad2_Chrna6",3,"#FF0000"
497123693,487244818,"P55","Snap25-IRES2-Cre","Ai14","cre reporter positive",488746857,"Mouse LGN - Core",10,488746830,"Snap25-IRES2-Cre;Ai14-211621.10.01",501390289,1976937,54.4,3.74,17.1,"Cck_Serpina3g",15,"#F08080","Gad2_Syt4",4,"#FFFF00"
497124181,488448320,"P57","Snap25-IRES2-Cre","Ai14","cre reporter positive",489891146,"Mouse LGN - Core",10,489891123,"Snap25-IRES2-Cre;Ai14-213717.10.01",501390881,2524192,63.4,3.09,10.7,"Gad2_Pthlh",10,"#FDDCFF","Gad2_Chrna6",3,"#FF0000"
497123517,488047647,"P56","Slc32a1-IRES-Cre","Ai14","cre reporter positive",488421165,"Mouse LGN - Core",10,488421082,"Slc32a1-IRES-Cre;Ai14-212358.10.01",501390075,2975532,52.3,3.3,15.1,"Cck_Serpina3g",15,"#F08080","Gad2_Syt4",4,"#FFFF00"
497122422,484742351,"P57","Snap25-IRES2-Cre","Ai14","cre reporter positive",486794521,"Mouse LGN - Core",12,486793590,"Snap25-IRES2-Cre;Ai14-202521.12.01",501390270,3819859,70.9,2.64,8.52,"Styk1_Cdh13_Car10",7,"#FF6A6A","Gad2_Chrna6",3,"#FF0000"
497123646,488047675,"P58","Slc32a1-IRES-Cre","Ai14","cre reporter positive",488471681,"Mouse LGN - Shell",11,488471473,"Slc32a1-IRES-Cre;Ai14-212359.11.01",501390193,2382503,61.3,2.95,15,"Chrna6_Plac9a",8,"#E7298A","Gad2_Chrna6",3,"#FF0000"
497122158,485247214,"P54","Slc32a1-IRES-Cre","Ai14","cre reporter positive",486509624,"Mouse LGN - Core",13,486749564,"Slc32a1-IRES-Cre;Ai14-204789.13.01",501389990,1699359,44.3,4.29,19.5,"Gad2_Pvalb",18,"#FFD700","Gad2_Syt4",4,"#FFFF00"
497123796,488448312,"P55","Snap25-IRES2-Cre","Ai14","cre reporter positive",489373539,"Mouse LGN - Core",10,489353434,"Snap25-IRES2-Cre;Ai14-213715.10.01",501390632,2497557,56.3,3.28,16.6,"Cck_Serpina3g",15,"#F08080","Gad2_Syt4",4,"#FFFF00"
497123854,488448316,"P56","Snap25-IRES2-Cre","Ai14","cre reporter positive",489890587,"Mouse LGN - Core",7,489890552,"Snap25-IRES2-Cre;Ai14-213716.07.01",501390730,3487986,68.3,3.09,9.81,"Tac1_Gabra4",6,"#CE1256","Gad2_Chrna6",3,"#FF0000"
497122978,487244826,"P57","Snap25-IRES2-Cre","Ai14","cre reporter positive",489889881,"Mouse LGN - Shell",9,489889852,"Snap25-IRES2-Cre;Ai14-211624.09.01",501390555,1868830,41.1,4.05,21,"Olig1_Pdgfra",21,"#505050","Olig1",6,"#333333"
497123526,488047675,"P58","Slc32a1-IRES-Cre","Ai14","cre reporter positive",488471707,"Mouse LGN - Core",10,488471436,"Slc32a1-IRES-Cre;Ai14-212359.10.01",501390140,2537318,49.6,3.31,17.8,"Styk1_Cdh13_Car10",7,"#FF6A6A","Gad2_Chrna6",3,"#FF0000"
497122623,487095969,"P58","Gad2-IRES-Cre","Ai14","cre reporter positive",488432962,"Mouse LGN - Core",10,488432925,"Gad2-IRES-Cre;Ai14-209943.10.01",501389253,2390354,59.1,3.32,14.3,"Styk1_Cdh13_Car10",7,"#FF6A6A","Gad2_Chrna6",3,"#FF0000"
497122726,487095969,"P58","Gad2-IRES-Cre","Ai14","cre reporter positive",488432962,"Mouse LGN - Core",10,488432925,"Gad2-IRES-Cre;Ai14-209943.10.01",501389264,2482504,57.5,3.13,12.9,"Styk1_Cdh13_Car10",7,"#FF6A6A","Gad2_Chrna6",3,"#FF0000"
497124201,488448320,"P57","Snap25-IRES2-Cre","Ai14","cre reporter positive",489891152,"Mouse LGN - Core",11,489891133,"Snap25-IRES2-Cre;Ai14-213717.11.01",501390925,2472178,60.4,3.11,12.7,"Styk1_Cdh13_Car10",7,"#FF6A6A","Gad2_Chrna6",3,"#FF0000"
497124521,490370092,"P53","Gad2-IRES-Cre","Ai14","cre reporter positive",490916893,"Mouse LGN - Core",11,490916500,"Gad2-IRES-Cre;Ai14-217032.11.01",501389425,2599121,65.5,2.71,7.66,"Plek2_Pkib",13,"#FFFF00","Gad2_Syt4",4,"#FFFF00"
497122633,487095969,"P58","Gad2-IRES-Cre","Ai14","cre reporter positive",488432970,"Mouse LGN - Core",11,488432935,"Gad2-IRES-Cre;Ai14-209943.11.01",501389271,2510617,70.5,2.65,5.56,"Plek2_Pkib",13,"#FFFF00","Gad2_Syt4",4,"#FFFF00"
497123614,488047675,"P58","Slc32a1-IRES-Cre","Ai14","cre reporter positive",488471681,"Mouse LGN - Shell",11,488471473,"Slc32a1-IRES-Cre;Ai14-212359.11.01",501390187,2579491,46.1,3.62,14.3,"Olig1_Opalin",23,"#C8C8C8","Olig1",6,"#333333"
497122759,487095969,"P58","Gad2-IRES-Cre","Ai14","cre reporter positive",488432977,"Mouse LGN - Shell",12,488432945,"Gad2-IRES-Cre;Ai14-209943.12.01",501389332,2747544,63.3,2.23,8.39,"Gad2_Rspo2",16,"#FF8C00","Gad2_Syt4",4,"#FFFF00"
497122779,487095972,"P59","Gad2-IRES-Cre","Ai14","cre reporter positive",488745666,"Mouse LGN - Core",11,488745550,"Gad2-IRES-Cre;Ai14-209944.11.01",501389370,1079798,63.5,2.75,9.4,"Calb2_Plac9a",11,"#9400E2","Gad2_Syt4",4,"#FFFF00"
497123382,487244822,"P56","Snap25-IRES2-Cre","Ai14","cre reporter positive",488399943,"Mouse LGN - Core",11,488399798,"Snap25-IRES2-Cre;Ai14-211623.11.01",501390472,3061031,64.4,3.12,12.4,"Slc17a6_Calb2",4,"#74A9CF","Slc17a6",1,"#0000FF"
497123665,487244822,"P56","Snap25-IRES2-Cre","Ai14","cre reporter positive",488399943,"Mouse LGN - Core",11,488399798,"Snap25-IRES2-Cre;Ai14-211623.11.01",501390451,2470498,60.6,3.23,13.6,"Slc17a6_Calb2",4,"#74A9CF","Slc17a6",1,"#0000FF"
497123577,488047647,"P56","Slc32a1-IRES-Cre","Ai14","cre reporter positive",488421156,"Mouse LGN - Core",9,488421000,"Slc32a1-IRES-Cre;Ai14-212358.09.01",501390048,2333384,58.6,3.23,12.8,"Calb2_Plac9a",11,"#9400E2","Gad2_Syt4",4,"#FFFF00"
497124522,490370092,"P53","Gad2-IRES-Cre","Ai14","cre reporter positive",490916893,"Mouse LGN - Core",11,490916500,"Gad2-IRES-Cre;Ai14-217032.11.01",501389426,2657647,71.8,1.99,4.92,"Gad2_Zar1",14,"#FFA500","Gad2_Syt4",4,"#FFFF00"
497122195,485247333,"P56","Slc32a1-IRES-Cre","Ai14","cre reporter positive",487102677,"Mouse LGN - Core",13,487102603,"Slc32a1-IRES-Cre;Ai14-204790.13.01",501390030,697216,67.6,3.01,8.52,"Gad2_Spata20",12,"#F80FF0","Gad2_Syt4",4,"#FFFF00"
497122652,487095969,"P58","Gad2-IRES-Cre","Ai14","cre reporter positive",488432977,"Mouse LGN - Shell",12,488432945,"Gad2-IRES-Cre;Ai14-209943.12.01",501389312,2153647,58.9,3.19,13.3,"Calb2_Plac9a",11,"#9400E2","Gad2_Syt4",4,"#FFFF00"
497124669,491517079,"P59","Slc32a1-IRES-Cre","Ai14","cre reporter positive",491885737,"Mouse LGN - Shell",10,491884212,"Slc32a1-IRES-Cre;Ai14-220657.10.01",501390207,2695125,57.1,3.21,16,"Tac1_Gabra4",6,"#CE1256","Gad2_Chrna6",3,"#FF0000"
497124630,491517075,"P58","Slc32a1-IRES-Cre","Ai14","cre reporter positive",491760722,"Mouse LGN - Core",10,491760675,"Slc32a1-IRES-Cre;Ai14-220656.10.01",501390201,2371420,56.3,3.3,16.1,"Gad2_Pthlh",10,"#FDDCFF","Gad2_Chrna6",3,"#FF0000"
497124711,491517110,"P57","Gad2-IRES-Cre","Ai14","cre reporter positive",492102697,"Mouse LGN - Core",12,492102582,"Gad2-IRES-Cre;Ai14-221099.12.01",501389453,2349188,61,2.68,13.2,"Tac1_Gabra4",6,"#CE1256","Gad2_Chrna6",3,"#FF0000"
497122164,485247333,"P56","Slc32a1-IRES-Cre","Ai14","cre reporter positive",486749760,"Mouse LGN - Core",11,486749740,"Slc32a1-IRES-Cre;Ai14-204790.11.01",501389996,3815896,53.8,4.28,15.1,"Styk1_Cdh13_Car10",7,"#FF6A6A","Gad2_Chrna6",3,"#FF0000"
497123552,487244818,"P55","Snap25-IRES2-Cre","Ai14","cre reporter positive",488746863,"Mouse LGN - Core",11,488746842,"Snap25-IRES2-Cre;Ai14-211621.11.01",501390340,2431931,61.7,3.29,10.8,"Tac1_Gabra4",6,"#CE1256","Gad2_Chrna6",3,"#FF0000"
497123654,488047675,"P58","Slc32a1-IRES-Cre","Ai14","cre reporter positive",488471707,"Mouse LGN - Core",10,488471436,"Slc32a1-IRES-Cre;Ai14-212359.10.01",501390148,2878144,50.4,3.14,21.4,"Styk1_Cdh13_Car10",7,"#FF6A6A","Gad2_Chrna6",3,"#FF0000"
497122757,487095969,"P58","Gad2-IRES-Cre","Ai14","cre reporter positive",488432977,"Mouse LGN - Shell",12,488432945,"Gad2-IRES-Cre;Ai14-209943.12.01",501389330,2604327,61.9,2.85,11.1,"Chrna6_Plac9a",8,"#E7298A","Gad2_Chrna6",3,"#FF0000"
497122761,487095969,"P58","Gad2-IRES-Cre","Ai14","cre reporter positive",488432977,"Mouse LGN - Shell",12,488432945,"Gad2-IRES-Cre;Ai14-209943.12.01",501389334,2428889,63.3,2.78,8.07,"Gad2_Spata20",12,"#F80FF0","Gad2_Syt4",4,"#FFFF00"
497124634,491517079,"P59","Slc32a1-IRES-Cre","Ai14","cre reporter positive",491885561,"Mouse LGN - Core",12,491885130,"Slc32a1-IRES-Cre;Ai14-220657.12.01",501390226,2611312,52.5,3.62,15.1,"Styk1_Cdh13_Car10",7,"#FF6A6A","Gad2_Chrna6",3,"#FF0000"
497122800,487095972,"P59","Gad2-IRES-Cre","Ai14","cre reporter positive",488745675,"Mouse LGN - Shell",12,488745630,"Gad2-IRES-Cre;Ai14-209944.12.01",501389401,671068,53.3,3.2,13.7,"Styk1_Cdh13_Car10",7,"#FF6A6A","Gad2_Chrna6",3,"#FF0000"
497123589,488047647,"P56","Slc32a1-IRES-Cre","Ai14","cre reporter positive",488421165,"Mouse LGN - Core",10,488421082,"Slc32a1-IRES-Cre;Ai14-212358.10.01",501390083,2718323,55.6,3.75,17.8,"Tac1_Gabra4",6,"#CE1256","Gad2_Chrna6",3,"#FF0000"
497122684,487095972,"P59","Gad2-IRES-Cre","Ai14","cre reporter positive",488745666,"Mouse LGN - Core",11,488745550,"Gad2-IRES-Cre;Ai14-209944.11.01",501389361,2737132,62.7,3.19,11.1,"Chrna6_Plac9a",8,"#E7298A","Gad2_Chrna6",3,"#FF0000"
497123525,488047675,"P58","Slc32a1-IRES-Cre","Ai14","cre reporter positive",488471707,"Mouse LGN - Core",10,488471436,"Slc32a1-IRES-Cre;Ai14-212359.10.01",501390139,2568172,61,2.86,11.5,"Gad2_Pthlh",10,"#FDDCFF","Gad2_Chrna6",3,"#FF0000"
497122750,487095969,"P58","Gad2-IRES-Cre","Ai14","cre reporter positive",488432974,"Mouse LGN - Core",12,488432945,"Gad2-IRES-Cre;Ai14-209943.12.01",501389307,2552107,49.4,3.06,17.2,"Gad2_Spata20",12,"#F80FF0","Gad2_Syt4",4,"#FFFF00"
497122630,487095969,"P58","Gad2-IRES-Cre","Ai14","cre reporter positive",488432970,"Mouse LGN - Core",11,488432935,"Gad2-IRES-Cre;Ai14-209943.11.01",501389268,2101628,52.9,1.51,2.01,"Gad2_Sepp1",5,"#C77963","Gad2_Sepp1",2,"#C77963"
497122206,485247333,"P56","Slc32a1-IRES-Cre","Ai14","cre reporter positive",487145183,"Mouse LGN - Shell",12,486749765,"Slc32a1-IRES-Cre;Ai14-204790.12.01",501390017,1556274,73.1,2.69,7.13,"Styk1_Xylb",9,"#FF3030","Gad2_Chrna6",3,"#FF0000"
497124516,490370092,"P53","Gad2-IRES-Cre","Ai14","cre reporter positive",490916893,"Mouse LGN - Core",11,490916500,"Gad2-IRES-Cre;Ai14-217032.11.01",501389420,2637304,60.2,2.97,12,"Plek2_Pkib",13,"#FFFF00","Gad2_Syt4",4,"#FFFF00"
497122720,487095969,"P58","Gad2-IRES-Cre","Ai14","cre reporter positive",488432962,"Mouse LGN - Core",10,488432925,"Gad2-IRES-Cre;Ai14-209943.10.01",501389258,2276985,57.7,2.81,13,"Tac1_Gabra4",6,"#CE1256","Gad2_Chrna6",3,"#FF0000"
497122153,485247214,"P54","Slc32a1-IRES-Cre","Ai14","cre reporter positive",486509624,"Mouse LGN - Core",13,486749564,"Slc32a1-IRES-Cre;Ai14-204789.13.01",501389985,701406,48,3.53,18.3,"Gad2_Pvalb",18,"#FFD700","Gad2_Syt4",4,"#FFFF00"
497124432,489910845,"P54","Snap25-IRES2-Cre","Ai14","cre reporter positive",490273844,"Mouse LGN - Shell",9,490273783,"Snap25-IRES2-Cre;Ai14-215928.09.01",501390956,2329605,55.3,3.1,15.8,"Chrna6_Plac9a",8,"#E7298A","Gad2_Chrna6",3,"#FF0000"
497123604,488047675,"P58","Slc32a1-IRES-Cre","Ai14","cre reporter positive",488471655,"Mouse LGN - Core",11,488471473,"Slc32a1-IRES-Cre;Ai14-212359.11.01",501390169,3036006,66.5,2.78,10.5,"Gad2_Rspo2",16,"#FF8C00","Gad2_Syt4",4,"#FFFF00"
497122734,487095969,"P58","Gad2-IRES-Cre","Ai14","cre reporter positive",488432970,"Mouse LGN - Core",11,488432935,"Gad2-IRES-Cre;Ai14-209943.11.01",501389280,2528155,53.3,3.01,15.3,"Styk1_Cdh13_Car10",7,"#FF6A6A","Gad2_Chrna6",3,"#FF0000"
497124700,491517110,"P57","Gad2-IRES-Cre","Ai14","cre reporter positive",492102678,"Mouse LGN - Shell",12,492102582,"Gad2-IRES-Cre;Ai14-221099.12.01",501389442,3826277,63.8,2.57,11.9,"Gad2_Rspo2",16,"#FF8C00","Gad2_Syt4",4,"#FFFF00"
497123507,488047647,"P56","Slc32a1-IRES-Cre","Ai14","cre reporter positive",488421165,"Mouse LGN - Core",10,488421082,"Slc32a1-IRES-Cre;Ai14-212358.10.01",501390065,2983372,58.8,2.91,9.57,"Cck_Serpina3g",15,"#F08080","Gad2_Syt4",4,"#FFFF00"
497123522,488047675,"P58","Slc32a1-IRES-Cre","Ai14","cre reporter positive",488471707,"Mouse LGN - Core",10,488471436,"Slc32a1-IRES-Cre;Ai14-212359.10.01",501390136,2809623,65.9,2.61,9.66,"Chrna6_Plac9a",8,"#E7298A","Gad2_Chrna6",3,"#FF0000"
497122177,485247333,"P56","Slc32a1-IRES-Cre","Ai14","cre reporter positive",487102671,"Mouse LGN - Core",12,486749765,"Slc32a1-IRES-Cre;Ai14-204790.12.01",501390008,1216295,66.5,2.82,10.1,"Styk1_Xylb",9,"#FF3030","Gad2_Chrna6",3,"#FF0000"
497122805,487095972,"P59","Gad2-IRES-Cre","Ai14","cre reporter positive",488745675,"Mouse LGN - Shell",12,488745630,"Gad2-IRES-Cre;Ai14-209944.12.01",501389406,3225985,40.5,2.3,9.54,"Styk1_Cdh13_Car10",7,"#FF6A6A","Gad2_Chrna6",3,"#FF0000"
497123629,488047647,"P56","Slc32a1-IRES-Cre","Ai14","cre reporter positive",488421172,"Mouse LGN - Core",11,488421093,"Slc32a1-IRES-Cre;Ai14-212358.11.01",501390107,2499161,50.7,3.71,18.1,"Gad2_Pvalb",18,"#FFD700","Gad2_Syt4",4,"#FFFF00"
497124439,489910845,"P54","Snap25-IRES2-Cre","Ai14","cre reporter positive",490273844,"Mouse LGN - Shell",9,490273783,"Snap25-IRES2-Cre;Ai14-215928.09.01",501390963,2121265,55.1,3.39,15.1,"Tac1_Gabra4",6,"#CE1256","Gad2_Chrna6",3,"#FF0000"
497124396,488448316,"P56","Snap25-IRES2-Cre","Ai14","cre reporter positive",489890604,"Mouse LGN - Shell",9,489890572,"Snap25-IRES2-Cre;Ai14-213716.09.01",501390824,2814743,65.9,2.74,8.03,"Tac1_Gabra4",6,"#CE1256","Gad2_Chrna6",3,"#FF0000"
497123768,488448312,"P55","Snap25-IRES2-Cre","Ai14","cre reporter positive",489365388,"Mouse LGN - Core",12,489353558,"Snap25-IRES2-Cre;Ai14-213715.12.01",501390700,2632464,49.1,3.37,24.2,"Tac1_Gabra4",6,"#CE1256","Gad2_Chrna6",3,"#FF0000"
497122646,487095969,"P58","Gad2-IRES-Cre","Ai14","cre reporter positive",488432974,"Mouse LGN - Core",12,488432945,"Gad2-IRES-Cre;Ai14-209943.12.01",501389299,2464583,63.9,3.27,9.82,"Gad2_Pvalb",18,"#FFD700","Gad2_Syt4",4,"#FFFF00"
497122746,487095969,"P58","Gad2-IRES-Cre","Ai14","cre reporter positive",488432974,"Mouse LGN - Core",12,488432945,"Gad2-IRES-Cre;Ai14-209943.12.01",501389303,2678902,45.9,2.34,10.4,"Gad2_Sepp1",5,"#C77963","Gad2_Sepp1",2,"#C77963"
497124242,488743666,"P57","Slc17a6-IRES-Cre","Ai14","cre reporter positive",490274417,"Mouse LGN - Core",11,490274369,"Slc17a6-IRES-Cre;Ai14-214450.11.01",501389690,2593697,59.7,3.09,14.2,"Slc17a6_Calb2",4,"#74A9CF","Slc17a6",1,"#0000FF"
497123751,488047675,"P58","Slc32a1-IRES-Cre","Ai14","cre reporter positive",488471713,"Mouse LGN - Core",9,488471426,"Slc32a1-IRES-Cre;Ai14-212359.09.01",501390133,1992933,50.7,3.4,20.1,"Chrna6_Plac9a",8,"#E7298A","Gad2_Chrna6",3,"#FF0000"
497122167,485247333,"P56","Slc32a1-IRES-Cre","Ai14","cre reporter positive",486749760,"Mouse LGN - Core",11,486749740,"Slc32a1-IRES-Cre;Ai14-204790.11.01",501389999,3331576,51.1,3.92,18.3,"Styk1_Cdh13_Car10",7,"#FF6A6A","Gad2_Chrna6",3,"#FF0000"
497124475,489910845,"P54","Snap25-IRES2-Cre","Ai14","cre reporter positive",490273851,"Mouse LGN - Shell",10,490273808,"Snap25-IRES2-Cre;Ai14-215928.10.01",501390991,1989219,48.9,3.02,20.4,"Tac1_Gabra4",6,"#CE1256","Gad2_Chrna6",3,"#FF0000"
497123647,488047675,"P58","Slc32a1-IRES-Cre","Ai14","cre reporter positive",488471681,"Mouse LGN - Shell",11,488471473,"Slc32a1-IRES-Cre;Ai14-212359.11.01",501390194,2244633,60.3,2.99,10.2,"Olig1_Opalin",23,"#C8C8C8","Olig1",6,"#333333"
497124628,491517075,"P58","Slc32a1-IRES-Cre","Ai14","cre reporter positive",491760722,"Mouse LGN - Core",10,491760675,"Slc32a1-IRES-Cre;Ai14-220656.10.01",501390199,1787992,21.4,0.911,1.18,"Gad2_Sepp1",5,"#C77963","Gad2_Sepp1",2,"#C77963"
497123583,488047647,"P56","Slc32a1-IRES-Cre","Ai14","cre reporter positive",488421156,"Mouse LGN - Core",9,488421000,"Slc32a1-IRES-Cre;Ai14-212358.09.01",501390053,2528000,46.5,3.32,20.9,"Plek2_Cpne4",19,"#C994C7","Gad2_Syt4",4,"#FFFF00"
497122197,485247333,"P56","Slc32a1-IRES-Cre","Ai14","cre reporter positive",487102677,"Mouse LGN - Core",13,487102603,"Slc32a1-IRES-Cre;Ai14-204790.13.01",501390032,2471127,72.5,2.59,6.97,"Gad2_Pvalb",18,"#FFD700","Gad2_Syt4",4,"#FFFF00"
497122887,487244826,"P57","Snap25-IRES2-Cre","Ai14","cre reporter positive",489889881,"Mouse LGN - Shell",9,489889852,"Snap25-IRES2-Cre;Ai14-211624.09.01",501390536,2090961,57,3.22,14.9,"Slc17a6_Pigl",3,"#21F4CC","Slc17a6",1,"#0000FF"
497123954,488743666,"P57","Slc17a6-IRES-Cre","Ai14","cre reporter positive",490274391,"Mouse LGN - Core",9,490274339,"Slc17a6-IRES-Cre;Ai14-214450.09.01",501389607,2401281,62.6,3.12,14.7,"Slc17a6_Pigl",3,"#21F4CC","Slc17a6",1,"#0000FF"
497122265,486300863,"P59","Slc17a6-IRES-Cre","Ai14","cre reporter positive",488440418,"Mouse LGN - Core",11,488440388,"Slc17a6-IRES-Cre;Ai14-207722.11.01",501389535,2324651,47.1,3.16,21.9,"Slc17a6_Pigl",3,"#21F4CC","Slc17a6",1,"#0000FF"
497122317,486300863,"P59","Slc17a6-IRES-Cre","Ai14","cre reporter positive",488440425,"Mouse LGN - Shell",12,488440400,"Slc17a6-IRES-Cre;Ai14-207722.12.01",501389591,3336859,51.9,3.03,12.8,"Slc17a6_Pigl",3,"#21F4CC","Slc17a6",1,"#0000FF"
497123686,487244826,"P57","Snap25-IRES2-Cre","Ai14","cre reporter positive",489889878,"Mouse LGN - Core",9,489889852,"Snap25-IRES2-Cre;Ai14-211624.09.01",501390518,2988947,48.2,3.56,21.6,"Slc17a6_Pigl",3,"#21F4CC","Slc17a6",1,"#0000FF"
497124276,488743670,"P58","Slc17a6-IRES-Cre","Ai14","cre reporter positive",490275443,"Mouse LGN - Core",11,490275291,"Slc17a6-IRES-Cre;Ai14-214451.11.01",501389762,2306648,39.6,3.62,25.1,"Slc17a6_Pigl",3,"#21F4CC","Slc17a6",1,"#0000FF"
497124246,488743666,"P57","Slc17a6-IRES-Cre","Ai14","cre reporter positive",490274417,"Mouse LGN - Core",11,490274369,"Slc17a6-IRES-Cre;Ai14-214450.11.01",501389693,2522686,59.5,3.14,13.8,"Slc17a6_Pigl",3,"#21F4CC","Slc17a6",1,"#0000FF"
497122225,484742351,"P57","Snap25-IRES2-Cre","Ai14","cre reporter positive",486793813,"Mouse LGN - Core",11,486792867,"Snap25-IRES2-Cre;Ai14-202521.11.01",501390257,1118066,53.2,3.4,17.9,"Slc17a6_Pigl",3,"#21F4CC","Slc17a6",1,"#0000FF"
497124556,491354001,"P56","Slc17a6-IRES-Cre","Ai14","cre reporter positive",491521739,"Mouse LGN - Core",11,491521411,"Slc17a6-IRES-Cre;Ai14-219924.11.01",501389912,933199,49.4,3.27,19.2,"Slc17a6_Pigl",3,"#21F4CC","Slc17a6",1,"#0000FF"
497124199,488448320,"P57","Snap25-IRES2-Cre","Ai14","cre reporter positive",489891152,"Mouse LGN - Core",11,489891133,"Snap25-IRES2-Cre;Ai14-213717.11.01",501390923,2240868,53.9,3.48,16.5,"Slc17a6_Pigl",3,"#21F4CC","Slc17a6",1,"#0000FF"
497122279,486300863,"P59","Slc17a6-IRES-Cre","Ai14","cre reporter positive",488440422,"Mouse LGN - Core",12,488440400,"Slc17a6-IRES-Cre;Ai14-207722.12.01",501389571,3320687,42.6,3.97,23,"Slc17a6_Pigl",3,"#21F4CC","Slc17a6",1,"#0000FF"
497124335,489253853,"P59","Slc17a6-IRES-Cre","Ai14","cre reporter positive",490281696,"Mouse LGN - Core",10,490281129,"Slc17a6-IRES-Cre;Ai14-214452.10.01",501389892,2450311,52.6,3.46,17.2,"Slc17a6_Pigl",3,"#21F4CC","Slc17a6",1,"#0000FF"
497122394,486300863,"P59","Slc17a6-IRES-Cre","Ai14","cre reporter positive",488440415,"Mouse LGN - Core",10,488440378,"Slc17a6-IRES-Cre;Ai14-207722.10.01",501389520,3865337,54.2,3.41,16.4,"Slc17a6_Pigl",3,"#21F4CC","Slc17a6",1,"#0000FF"
497123790,488448312,"P55","Snap25-IRES2-Cre","Ai14","cre reporter positive",489373221,"Mouse LGN - Shell",12,489353558,"Snap25-IRES2-Cre;Ai14-213715.12.01",501390722,1556967,51.8,3.55,20.6,"Slc17a6_Pigl",3,"#21F4CC","Slc17a6",1,"#0000FF"
497122968,487244826,"P57","Snap25-IRES2-Cre","Ai14","cre reporter positive",489889878,"Mouse LGN - Core",9,489889852,"Snap25-IRES2-Cre;Ai14-211624.09.01",501390522,1953336,56,3.22,15.5,"Slc17a6_Pigl",3,"#21F4CC","Slc17a6",1,"#0000FF"
497122305,486300863,"P59","Slc17a6-IRES-Cre","Ai14","cre reporter positive",488440425,"Mouse LGN - Shell",12,488440400,"Slc17a6-IRES-Cre;Ai14-207722.12.01",501389580,2524739,58.2,3.06,15,"Slc17a6_Pigl",3,"#21F4CC","Slc17a6",1,"#0000FF"
497124428,489910845,"P54","Snap25-IRES2-Cre","Ai14","cre reporter positive",490273844,"Mouse LGN - Shell",9,490273783,"Snap25-IRES2-Cre;Ai14-215928.09.01",501390952,2881158,47.8,3.26,19.9,"Slc17a6_Pigl",3,"#21F4CC","Slc17a6",1,"#0000FF"
497124008,488743666,"P57","Slc17a6-IRES-Cre","Ai14","cre reporter positive",490274420,"Mouse LGN - Shell",11,490274369,"Slc17a6-IRES-Cre;Ai14-214450.11.01",501389703,1977258,62.3,3.05,15.1,"Slc17a6_Pigl",3,"#21F4CC","Slc17a6",1,"#0000FF"
497122275,486300863,"P59","Slc17a6-IRES-Cre","Ai14","cre reporter positive",488440418,"Mouse LGN - Core",11,488440388,"Slc17a6-IRES-Cre;Ai14-207722.11.01",501389545,3184046,60.3,3.37,13.3,"Slc17a6_Pigl",3,"#21F4CC","Slc17a6",1,"#0000FF"
497122979,487244826,"P57","Snap25-IRES2-Cre","Ai14","cre reporter positive",489889881,"Mouse LGN - Shell",9,489889852,"Snap25-IRES2-Cre;Ai14-211624.09.01",501390556,1866755,48.3,3.9,21.3,"Slc17a6_Pigl",3,"#21F4CC","Slc17a6",1,"#0000FF"
497123813,488448312,"P55","Snap25-IRES2-Cre","Ai14","cre reporter positive",489373676,"Mouse LGN - Shell",10,489353434,"Snap25-IRES2-Cre;Ai14-213715.10.01",501390649,2138887,34.6,4.5,31.3,"Slc17a6_Pigl",3,"#21F4CC","Slc17a6",1,"#0000FF"
497122851,487244822,"P56","Snap25-IRES2-Cre","Ai14","cre reporter positive",488399919,"Mouse LGN - Core",9,488399767,"Snap25-IRES2-Cre;Ai14-211623.09.01",501390352,1995602,56,3.33,17,"Slc17a6_Pigl",3,"#21F4CC","Slc17a6",1,"#0000FF"
497124136,489253853,"P59","Slc17a6-IRES-Cre","Ai14","cre reporter positive",490281319,"Mouse LGN - Shell",8,490281070,"Slc17a6-IRES-Cre;Ai14-214452.08.01",501389829,2366776,49.1,3.19,18,"Slc17a6_Pigl",3,"#21F4CC","Slc17a6",1,"#0000FF"
497124256,488743670,"P58","Slc17a6-IRES-Cre","Ai14","cre reporter positive",490275333,"Mouse LGN - Core",10,490275276,"Slc17a6-IRES-Cre;Ai14-214451.10.01",501389726,2522609,35.7,4.22,26.6,"Slc17a6_Pigl",3,"#21F4CC","Slc17a6",1,"#0000FF"
497123986,488743666,"P57","Slc17a6-IRES-Cre","Ai14","cre reporter positive",490274417,"Mouse LGN - Core",11,490274369,"Slc17a6-IRES-Cre;Ai14-214450.11.01",501389675,2634050,56.8,3.54,18.2,"Slc17a6_Pigl",3,"#21F4CC","Slc17a6",1,"#0000FF"
497122427,484742351,"P57","Snap25-IRES2-Cre","Ai14","cre reporter positive",486794521,"Mouse LGN - Core",12,486793590,"Snap25-IRES2-Cre;Ai14-202521.12.01",501390275,1955378,56.8,3.47,16.2,"Slc17a6_Pigl",3,"#21F4CC","Slc17a6",1,"#0000FF"
497124262,488743670,"P58","Slc17a6-IRES-Cre","Ai14","cre reporter positive",490275333,"Mouse LGN - Core",10,490275276,"Slc17a6-IRES-Cre;Ai14-214451.10.01",501389732,2562315,44.5,4.07,21.7,"Slc17a6_Pigl",3,"#21F4CC","Slc17a6",1,"#0000FF"
497122352,486300863,"P59","Slc17a6-IRES-Cre","Ai14","cre reporter positive",488440418,"Mouse LGN - Core",11,488440388,"Slc17a6-IRES-Cre;Ai14-207722.11.01",501389556,3838706,40.1,4.17,26.7,"Slc17a6_Pigl",3,"#21F4CC","Slc17a6",1,"#0000FF"
497124130,489253853,"P59","Slc17a6-IRES-Cre","Ai14","cre reporter positive",490281696,"Mouse LGN - Core",10,490281129,"Slc17a6-IRES-Cre;Ai14-214452.10.01",501389871,2470435,48.1,3.65,21.3,"Slc17a6_Pigl",3,"#21F4CC","Slc17a6",1,"#0000FF"
497124275,488743670,"P58","Slc17a6-IRES-Cre","Ai14","cre reporter positive",490275443,"Mouse LGN - Core",11,490275291,"Slc17a6-IRES-Cre;Ai14-214451.11.01",501389761,2688938,50,3.52,18.5,"Slc17a6_Pigl",3,"#21F4CC","Slc17a6",1,"#0000FF"
497124370,488448316,"P56","Snap25-IRES2-Cre","Ai14","cre reporter positive",489890595,"Mouse LGN - Shell",8,489890562,"Snap25-IRES2-Cre;Ai14-213716.08.01",501390782,2730982,65.5,2.42,10.4,"Slc17a6_Pigl",3,"#21F4CC","Slc17a6",1,"#0000FF"
497124598,491354005,"P57","Slc17a6-IRES-Cre","Ai14","cre reporter positive",491523512,"Mouse LGN - Shell",9,491523446,"Slc17a6-IRES-Cre;Ai14-219925.09.01",501389954,2513211,62,3.18,13.2,"Slc17a6_Pigl",3,"#21F4CC","Slc17a6",1,"#0000FF"
497124053,488743670,"P58","Slc17a6-IRES-Cre","Ai14","cre reporter positive",490275443,"Mouse LGN - Core",11,490275291,"Slc17a6-IRES-Cre;Ai14-214451.11.01",501389755,3387814,53.6,3.3,20.2,"Slc17a6_Pigl",3,"#21F4CC","Slc17a6",1,"#0000FF"
497124612,491354005,"P57","Slc17a6-IRES-Cre","Ai14","cre reporter positive",491523515,"Mouse LGN - Shell",10,491523456,"Slc17a6-IRES-Cre;Ai14-219925.10.01",501389968,2360291,53.8,3.38,15.6,"Slc17a6_Pigl",3,"#21F4CC","Slc17a6",1,"#0000FF"
497122835,487244822,"P56","Snap25-IRES2-Cre","Ai14","cre reporter positive",488399931,"Mouse LGN - Core",10,488399783,"Snap25-IRES2-Cre;Ai14-211623.10.01",501390391,1092485,56,3.45,17.5,"Slc17a6_Pigl",3,"#21F4CC","Slc17a6",1,"#0000FF"
497122278,486300863,"P59","Slc17a6-IRES-Cre","Ai14","cre reporter positive",488440422,"Mouse LGN - Core",12,488440400,"Slc17a6-IRES-Cre;Ai14-207722.12.01",501389570,2596739,35.1,3.69,26.1,"Slc17a6_Pigl",3,"#21F4CC","Slc17a6",1,"#0000FF"
497122338,486300859,"P58","Slc17a6-IRES-Cre","Ai14","cre reporter positive",488441160,"Mouse LGN - Core",9,488438975,"Slc17a6-IRES-Cre;Ai14-207720.09.01",501389484,2910924,66.2,2.99,10.5,"Slc17a6_Pigl",3,"#21F4CC","Slc17a6",1,"#0000FF"
497124186,488448320,"P57","Snap25-IRES2-Cre","Ai14","cre reporter positive",489891146,"Mouse LGN - Core",10,489891123,"Snap25-IRES2-Cre;Ai14-213717.10.01",501390886,2140619,53.5,3.49,17.6,"Slc17a6_Pigl",3,"#21F4CC","Slc17a6",1,"#0000FF"
497122875,487244826,"P57","Snap25-IRES2-Cre","Ai14","cre reporter positive",489889875,"Mouse LGN - Core",11,489889862,"Snap25-IRES2-Cre;Ai14-211624.11.01",501390600,1737872,54.6,3.7,17,"Slc17a6_Pigl",3,"#21F4CC","Slc17a6",1,"#0000FF"
497123982,488743666,"P57","Slc17a6-IRES-Cre","Ai14","cre reporter positive",490274411,"Mouse LGN - Core",10,490274354,"Slc17a6-IRES-Cre;Ai14-214450.10.01",501389648,2556689,61.2,3.32,16.2,"Slc17a6_Pigl",3,"#21F4CC","Slc17a6",1,"#0000FF"
497124277,488743670,"P58","Slc17a6-IRES-Cre","Ai14","cre reporter positive",490275443,"Mouse LGN - Core",11,490275291,"Slc17a6-IRES-Cre;Ai14-214451.11.01",501389763,3071454,46.4,3.53,21,"Slc17a6_Pigl",3,"#21F4CC","Slc17a6",1,"#0000FF"
497124467,489910845,"P54","Snap25-IRES2-Cre","Ai14","cre reporter positive",490273851,"Mouse LGN - Shell",10,490273808,"Snap25-IRES2-Cre;Ai14-215928.10.01",501390983,2749912,35.2,3.73,28.3,"Slc17a6_Pigl",3,"#21F4CC","Slc17a6",1,"#0000FF"
497124557,491354001,"P56","Slc17a6-IRES-Cre","Ai14","cre reporter positive",491521739,"Mouse LGN - Core",11,491521411,"Slc17a6-IRES-Cre;Ai14-219924.11.01",501389913,2753070,46.2,3.64,22.2,"Slc17a6_Pigl",3,"#21F4CC","Slc17a6",1,"#0000FF"
497124377,488448316,"P56","Snap25-IRES2-Cre","Ai14","cre reporter positive",489890604,"Mouse LGN - Shell",9,489890572,"Snap25-IRES2-Cre;Ai14-213716.09.01",501390805,2141533,58.4,3.22,12.4,"Slc17a6_Pigl",3,"#21F4CC","Slc17a6",1,"#0000FF"
497123410,487244822,"P56","Snap25-IRES2-Cre","Ai14","cre reporter positive",488399919,"Mouse LGN - Core",9,488399767,"Snap25-IRES2-Cre;Ai14-211623.09.01",501390358,2266658,65.1,2.95,11.7,"Slc17a6_Pigl",3,"#21F4CC","Slc17a6",1,"#0000FF"
497124120,489253853,"P59","Slc17a6-IRES-Cre","Ai14","cre reporter positive",490281696,"Mouse LGN - Core",10,490281129,"Slc17a6-IRES-Cre;Ai14-214452.10.01",501389861,1765536,57.8,3.55,17.5,"Slc17a6_Pigl",3,"#21F4CC","Slc17a6",1,"#0000FF"
497123992,488743666,"P57","Slc17a6-IRES-Cre","Ai14","cre reporter positive",490274417,"Mouse LGN - Core",11,490274369,"Slc17a6-IRES-Cre;Ai14-214450.11.01",501389681,2733993,59.5,3.37,16.9,"Slc17a6_Pigl",3,"#21F4CC","Slc17a6",1,"#0000FF"
497123917,488448320,"P57","Snap25-IRES2-Cre","Ai14","cre reporter positive",489891146,"Mouse LGN - Core",10,489891123,"Snap25-IRES2-Cre;Ai14-213717.10.01",501390865,2424245,54,3.66,19.2,"Slc17a6_Pigl",3,"#21F4CC","Slc17a6",1,"#0000FF"
497123865,488448316,"P56","Snap25-IRES2-Cre","Ai14","cre reporter positive",489890592,"Mouse LGN - Core",8,489890562,"Snap25-IRES2-Cre;Ai14-213716.08.01",501390741,1692041,51.2,3.67,19.8,"Slc17a6_Pigl",3,"#21F4CC","Slc17a6",1,"#0000FF"
497123818,488448312,"P55","Snap25-IRES2-Cre","Ai14","cre reporter positive",489373676,"Mouse LGN - Shell",10,489353434,"Snap25-IRES2-Cre;Ai14-213715.10.01",501390654,2213561,47.6,3.69,21,"Slc17a6_Pigl",3,"#21F4CC","Slc17a6",1,"#0000FF"
